Date,Insurer,Claims_outstanding_at_the_beginning,Claims_intimated_and_revived,Claims_revised,Total_Claims_Payable,Claims_paid,Claims_declined,Claims_closed_as_no_claims,Total_Claims_Action_during_the_Quarter,Claims_outstanding_at_the_end,Claims_declined_ratio_(%),Claims_closed_as_no_claims_ratio (%),Claim_payment_ratio_(%),Quarter,Year,Insurer_Encoded
30/06/2018,AAR INSURANCE COMPANY LIMITED,26026,129415,0,155441,133313,512,3630,137455,17986,0.329385426,2.335291204,85.76437362,2,2018,0
30/06/2018,MADISON GENERAL INSURANCE KENYA LIMITED,8078,67173,0,75251,62025,2713,0,64738,10513,3.605267704,0,82.42415383,2,2018,23
30/06/2018,THE KENYAN ALLIANCE INSURANCE COMPANY LIMITED,188,735,0,923,740,32,0,772,151,3.46695558,0,80.17334778,2,2018,37
30/06/2018,JUBILEE ALLIANZ GENERAL INSURANCE LIMITED,407645,910498,66,1318209,1046058,0,973,1047097,271112,0,0.073812271,79.35448779,2,2018,18
30/06/2018,THE MONARCH INSURANCE COMPANY LIMITED,533,766,1,1300,894,40,0,935,365,3.076923077,0,68.76923077,2,2018,38
30/06/2018,SAHAM INSURANCE COMPANY LIMITED,15034,23866,175,39075,21738,325,72,22310,16765,0.831733845,0.184261036,55.63147793,2,2018,31
30/06/2018,APA INSURANCE COMPANY LIMITED,6070,3071,0,9141,4431,0,0,4431,4710,0,0,48.47390876,2,2018,4
30/06/2018,KENINDIA ASSURANCE COMPANY LIMITED,5490,4514,0,10004,4701,0,0,4701,5303,0,0,46.99120352,2,2018,21
30/06/2018,OLD MUTUAL GENERAL INSURANCE KENYA LIMITED,2494,1727,84,4305,1943,31,0,2058,2247,0.720092915,0,45.13356562,2,2018,27
30/06/2018,AIG KENYA INSURANCE COMPANY LIMITED,1424,1214,32,2670,1152,0,53,1237,1433,0,1.985018727,43.14606742,2,2018,2
30/06/2018,PIONEER GENERAL INSURANCE LIMITED,124,235,0,359,154,3,7,164,195,0.835654596,1.949860724,42.89693593,2,2018,30
30/06/2018,INTRA AFRICA ASSURANCE COMPANY LIMITED,403,781,0,1184,458,0,8,466,718,0,0.675675676,38.68243243,2,2018,16
30/06/2018,GA INSURANCE LIMITED,7241,4513,0,11754,4133,175,2,4310,7444,1.488854858,0.017015484,35.16249787,2,2018,12
30/06/2018,FIRST ASSURANCE COMPANY LIMITED,40362,38118,3714,82194,28083,0,5096,36893,45301,0,6.199965934,34.1667275,2,2018,11
30/06/2018,THE HERITAGE INSURANCE COMPANY LIMITED,13103,9749,283,23135,7815,5,302,8405,14730,0.021612276,1.305381457,33.77998703,2,2018,36
30/06/2018,MAYFAIR INSURANCE COMPANY LIMITED,432,259,17,708,212,0,0,229,479,0,0,29.94350282,2,2018,24
30/06/2018,AFRICAN MERCHANT ASSURANCE COMPANY LIMITED,1824,654,0,2478,714,0,0,714,1764,0,0,28.81355932,2,2018,1
30/06/2018,ALLIANZ INSURANCE COMPANY LIMITED,157,135,1,293,84,0,4,89,204,0,1.365187713,28.66894198,2,2018,3
30/06/2018,TAUSI ASSURANCE COMPANY LIMITED,585,338,0,923,255,0,70,325,598,0,7.58396533,27.62730228,2,2018,35
30/06/2018,PACIS INSURANCE COMPANY LIMITED,1281,1142,0,2423,652,5,0,657,1766,0.206355757,0,26.90879076,2,2018,28
30/06/2018,OCCIDENTAL INSURANCE COMPANY LIMITED,1567,965,5,2537,680,0,104,789,1748,0,4.099329917,26.803311,2,2018,26
30/06/2018,TAKAFUL INSURANCE OF AFRICA LIMITED,445,88,0,533,115,12,25,152,381,2.251407129,4.69043152,21.57598499,2,2018,34
30/06/2018,CIC GENERAL INSURANCE LIMITED,10573,3118,0,13691,2920,0,0,2920,10771,0,0,21.32787963,2,2018,7
30/06/2018,DIRECTLINE ASSURANCE COMPANY LIMITED,65,59,0,124,24,0,24,48,76,0,19.35483871,19.35483871,2,2018,9
30/06/2018,PHOENIX OF EAST AFRICA INSURANCE,891,202,168,1261,239,0,97,504,757,0,7.692307692,18.95321174,2,2018,29
30/06/2018,CANNON GENERALINSURANCE COMPANY LIMITED,1019,410,27,1456,241,0,110,378,1078,0,7.554945055,16.5521978,2,2018,6
30/06/2018,GEMINIA INSURANCE COMPANY LIMITED,1833,717,0,2550,406,0,1,407,2143,0,0.039215686,15.92156863,2,2018,13
30/06/2018,BRITAM GENERAL INSURANCE COMPANY (K) LTD,298128,149447,1722,449297,71420,0,0,73142,376155,0,0,15.89594411,2,2018,5
30/06/2018,SANLAM GENERAL INSURANCE COMPANY LIMITED,63615,20788,597,85000,12884,344,15,13840,71160,0.404705882,0.017647059,15.15764706,2,2018,32
30/06/2018,INVESCO ASSURANCE COMPANY LIMITED,1132,103,25,1260,93,0,0,118,1142,0,0,7.380952381,2,2018,17
30/06/2018,TRIDENT INSURANCE COMPANY LIMITED,47200,3759,4,50963,3354,0,3754,7112,43851,0,7.366128368,6.581245217,2,2018,39
30/06/2018,ICEA LION GENERAL INSURANCE COMPANY LIMITED,20488,1284,0,21772,933,0,0,933,20839,0,0,4.285320595,2,2018,15
30/06/2018,KENYA ORIENT INSURANCE LIMITED,10320,1175,101,11596,396,13,507,1017,10579,0.112107623,4.372197309,3.41497068,2,2018,22
30/06/2018,CORPORATE INSURANCE COMPANY LIMITED,890,138,0,1028,32,0,0,32,996,0,0,3.112840467,2,2018,8
30/06/2018,FIDELITY SHIELD INSURANCE COMPANY LIMITED,4589,1247,427,6263,157,0,0,584,5679,0,0,2.506785885,2,2018,10
30/06/2018,XPLICO INSURANCE COMPANY LIMITED,0,0,0,0,0,0,0,0,0,,,,2,2018,40
30/09/2018,AAR INSURANCE COMPANY LIMITED,17986,89608,3,107597,74372,477,5755,80607,26990,0.44332091,5.348662137,69.12088627,3,2018,0
30/09/2018,AFRICAN MERCHANT ASSURANCE COMPANY LIMITED,1764,586,350,2700,637,0,0,987,1713,0,0,23.59259259,3,2018,1
30/09/2018,AIG KENYA INSURANCE COMPANY LIMITED,1465,1300,371,3136,1280,0,91,1742,1394,0,2.901785714,40.81632653,3,2018,2
30/09/2018,ALLIANZ INSURANCE COMPANY LIMITED,205,184,52,441,113,0,0,165,276,0,0,25.62358277,3,2018,3
30/09/2018,APA INSURANCE COMPANY LIMITED,4710,2575,7468,14753,3389,0,0,10857,3896,0,0,22.971599,3,2018,4
30/09/2018,BRITAM GENERAL INSURANCE COMPANY (K) LTD,377877,285458,0,663335,373466,0,0,373466,289869,0,0,56.30126557,3,2018,5
30/09/2018,CIC GENERAL INSURANCE LIMITED,10771,2897,2173,15841,1875,0,0,4048,11793,0,0,11.83637397,3,2018,7
30/09/2018,CORPORATE INSURANCE COMPANY LIMITED,996,107,0,1103,26,0,53,79,1024,0,4.805077063,2.357207616,3,2018,8
30/09/2018,DIRECTLINE ASSURANCE COMPANY LIMITED,76,64,0,140,48,0,6,54,86,0,4.285714286,34.28571429,3,2018,9
30/09/2018,FIDELITY SHIELD INSURANCE COMPANY LIMITED,6076,1571,1437,9084,2246,0,22,3705,5379,0,0.24218406,24.72479084,3,2018,10
30/09/2018,FIRST ASSURANCE COMPANY LIMITED,49015,39093,0,88108,45142,0,5993,51135,36973,0,6.801879512,51.23484814,3,2018,11
30/09/2018,GA INSURANCE LIMITED,7444,4438,88,11970,4195,209,12,4504,7466,1.746031746,0.100250627,35.0459482,3,2018,12
30/09/2018,GEMINIA INSURANCE COMPANY LIMITED,2143,826,1672,4641,570,0,0,2242,2399,0,0,12.28183581,3,2018,13
30/09/2018,THE HERITAGE INSURANCE COMPANY LIMITED,15013,5198,5893,26104,7310,58,806,14067,12037,0.22218817,3.087649402,28.00337113,3,2018,36
30/09/2018,ICEA LION GENERAL INSURANCE COMPANY LIMITED,20839,1253,5766,27858,1033,0,0,6799,21059,0,0,3.708091033,3,2018,15
30/09/2018,INTRA AFRICA ASSURANCE COMPANY LIMITED,718,482,440,1640,526,2,126,1094,546,0.12195122,7.682926829,32.07317073,3,2018,16
30/09/2018,INVESCO ASSURANCE COMPANY LIMITED,1167,95,149,1411,138,0,0,287,1124,0,0,9.780297661,3,2018,17
30/09/2018,JUBILEE ALLIANZ GENERAL INSURANCE LIMITED,271178,1004844,2230,1278252,989426,0,283,991939,286313,0,0.022139609,77.40461192,3,2018,18
30/09/2018,KENINDIA ASSURANCE COMPANY LIMITED,5303,3621,0,8924,3963,4,0,3967,4957,0.044822949,0,44.40833707,3,2018,21
30/09/2018,KENYA ORIENT INSURANCE LIMITED,10678,1413,1476,13567,656,55,158,2345,11222,0.405395445,1.164590551,4.835262033,3,2018,22
30/09/2018,MADISON GENERAL INSURANCE KENYA LIMITED,10513,74441,682,85636,74947,2024,0,77653,7983,2.363491989,0,87.51809986,3,2018,23
30/09/2018,MAYFAIR INSURANCE COMPANY LIMITED,496,225,0,721,351,0,0,351,370,0,0,48.68238558,3,2018,24
30/09/2018,CANNON GENERALINSURANCE COMPANY LIMITED,1105,394,0,1499,441,1,16,458,1041,0.066711141,1.067378252,29.41961308,3,2018,6
30/09/2018,MUA INSURANCE(KENYA) LIMITED,925,477,0,1402,321,0,84,405,997,0,5.991440799,22.89586305,3,2018,25
30/09/2018,OCCIDENTAL INSURANCE COMPANY LIMITED,1753,1019,4,2776,717,0,464,1185,1591,0,16.71469741,25.82853026,3,2018,26
30/09/2018,PACIS INSURANCE COMPANY LIMITED,1766,1007,1497,4270,852,7,64,2420,1850,0.163934426,1.49882904,19.95316159,3,2018,28
30/09/2018,PIONEER GENERAL INSURANCE LIMITED,195,309,967,1471,340,8,0,1315,156,0.543847723,0,23.11352821,3,2018,30
30/09/2018,SAHAM INSURANCE COMPANY LIMITED,16943,27167,636,44746,23580,33,192,24441,20305,0.073749609,0.429088634,52.69744782,3,2018,31
30/09/2018,SANLAM GENERAL INSURANCE COMPANY LIMITED,69993,23178,0,93171,19140,351,16,19507,73664,0.376726664,0.017172725,20.54287278,3,2018,32
30/09/2018,TAKAFUL INSURANCE OF AFRICA LIMITED,381,79,28,488,162,0,5,195,293,0,1.024590164,33.19672131,3,2018,34
30/09/2018,TAUSI ASSURANCE COMPANY LIMITED,598,342,81,1021,207,0,75,363,658,0,7.345739471,20.27424094,3,2018,35
30/09/2018,THE KENYAN ALLIANCE INSURANCE COMPANY LIMITED,151,1147,592,1890,1078,26,39,1735,155,1.375661376,2.063492063,57.03703704,3,2018,37
30/09/2018,THE MONARCH INSURANCE COMPANY LIMITED,366,892,2469,3727,699,36,0,3204,523,0.965924336,0,18.75503086,3,2018,38
30/09/2018,TRIDENT INSURANCE COMPANY LIMITED,43856,7340,934,52130,3927,0,0,4861,47269,0,0,7.533090351,3,2018,39
30/09/2018,OLD MUTUAL GENERAL INSURANCE KENYA LIMITED,2331,1550,2684,6565,1662,18,0,4364,2201,0.274181264,0,25.31607007,3,2018,27
30/09/2018,XPLICO INSURANCE COMPANY LIMITED,2203,196,0,2399,118,0,0,118,2281,0,0,4.918716132,3,2018,40
31/12/2018,AAR INSURANCE COMPANY LIMITED,26990,103571,1,130562,100296,229,5756,106282,24280,0.175395597,4.408633446,76.81867618,4,2018,0
31/12/2018,AFRICAN MERCHANT ASSURANCE COMPANY LIMITED,1713,562,271,2546,566,,,,,,,22.23095051,4,2018,1
31/12/2018,AIG KENYA INSURANCE COMPANY LIMITED,1394,1029,314,2737,781,,81,,,,2.959444647,28.53489222,4,2018,2
31/12/2018,ALLIANZ INSURANCE COMPANY LIMITED,276,154,74,504,148,,2,,,,0.396825397,29.36507937,4,2018,3
31/12/2018,APA INSURANCE COMPANY LIMITED,3896,2478,4028,10402,2954,,,,,,,28.39838493,4,2018,4
31/12/2018,BRITAM GENERAL INSURANCE COMPANY (K) LTD,289869,49481,,,71086,,213472,,,,,,4,2018,5
31/12/2018,CIC GENERAL INSURANCE LIMITED,11793,2555,3818,18166,3472,,,,,,,19.11262799,4,2018,7
31/12/2018,CORPORATE INSURANCE COMPANY LIMITED,1024,112,,,62,,,,,,,,4,2018,8
31/12/2018,DIRECTLINE ASSURANCE COMPANY LIMITED,86,49,,,52,,,,,,,,4,2018,9
31/12/2018,FIDELITY SHIELD INSURANCE COMPANY LIMITED,5386,1487,1522,8395,2408,22,109,4061,4334,0.26206075,1.2983919,28.68374032,4,2018,10
31/12/2018,FIRST ASSURANCE COMPANY LIMITED,36973,41862,,,33939,,6716,,,,,,4,2018,11
31/12/2018,GA INSURANCE LIMITED,7466,4337,636,12439,4058,243,,,,1.953533242,,32.62320122,4,2018,12
31/12/2018,GEMINIA INSURANCE COMPANY LIMITED,2399,884,2132,5415,855,,,,,,,15.78947368,4,2018,13
31/12/2018,THE HERITAGE INSURANCE COMPANY LIMITED,12037,6981,6748,25766,6796,21,1242,14807,10959,0.081502756,4.820305829,26.37584414,4,2018,36
31/12/2018,ICEA LION GENERAL INSURANCE COMPANY LIMITED,21059,1209,2452,24720,928,,,,,,,3.754045307,4,2018,15
31/12/2018,INTRA AFRICA ASSURANCE COMPANY LIMITED,546,339,417,1302,357,1,83,858,444,0.076804916,6.374807988,27.41935484,4,2018,16
31/12/2018,INVESCO ASSURANCE COMPANY LIMITED,1124,92,79,1295,52,,,,,,,4.015444015,4,2018,17
31/12/2018,JUBILEE ALLIANZ GENERAL INSURANCE LIMITED,286313,828238,1549,1116100,885806,,1022,,,,0.091568856,79.36618583,4,2018,18
31/12/2018,KENINDIA ASSURANCE COMPANY LIMITED,4957,4399,,,3928,,,,,,,,4,2018,21
31/12/2018,KENYA ORIENT INSURANCE LIMITED,10872,1238,4936,17046,748,29,4430,10143,6903,0.170127889,25.9885017,4.388126247,4,2018,22
31/12/2018,MADISON GENERAL INSURANCE KENYA LIMITED,7983,62862,186,71031,36829,1912,,,,2.691782461,,51.84919261,4,2018,23
31/12/2018,MAYFAIR INSURANCE COMPANY LIMITED,370,229,,,287,,1,,,,,,4,2018,24
31/12/2018,CANNON GENERALINSURANCE COMPANY LIMITED,1041,306,,,280,,6,,,,,,4,2018,6
31/12/2018,MUA INSURANCE(KENYA) LIMITED,997,229,,,263,,81,,,,,,4,2018,25
31/12/2018,OCCIDENTAL INSURANCE COMPANY LIMITED,1591,888,3,2482,771,,89,,,,3.585817889,31.06365834,4,2018,26
31/12/2018,PACIS INSURANCE COMPANY LIMITED,1850,818,903,3571,546,,2,,,,0.056006721,15.28983478,4,2018,28
31/12/2018,PIONEER GENERAL INSURANCE LIMITED,156,374,1136,1666,377,9,,,,0.540216086,,22.62905162,4,2018,30
31/12/2018,SAHAM INSURANCE COMPANY LIMITED,20305,27279,1171,48755,20639,436,327,22573,26182,0.894267255,0.670700441,42.33206851,4,2018,31
31/12/2018,SANLAM GENERAL INSURANCE COMPANY LIMITED,73664,22878,,,17012,178,312,,,,,,4,2018,32
31/12/2018,TAKAFUL INSURANCE OF AFRICA LIMITED,322,91,,,104,,,,,,,,4,2018,34
31/12/2018,TAUSI ASSURANCE COMPANY LIMITED,658,352,118,1128,263,,144,,,,12.76595745,23.31560284,4,2018,35
31/12/2018,THE KENYAN ALLIANCE INSURANCE COMPANY LIMITED,155,1770,935,2860,703,177,16,1831,1029,6.188811189,0.559440559,24.58041958,4,2018,37
31/12/2018,THE MONARCH INSURANCE COMPANY LIMITED,523,932,4286,5741,499,46,275,5106,635,0.801254137,4.790106253,8.691865529,4,2018,38
31/12/2018,TRIDENT INSURANCE COMPANY LIMITED,47269,2568,741,50578,707,,34,,,,0.067222903,1.397840959,4,2018,39
31/12/2018,OLD MUTUAL GENERAL INSURANCE KENYA LIMITED,2201,1519,2104,5824,1746,24,,,,0.412087912,,29.9793956,4,2018,27
31/12/2018,XPLICO INSURANCE COMPANY LIMITED,2281,138,2,2421,206,2,,,,0.082610492,,8.508880628,4,2018,40
31/03/2019,AAR INSURANCE COMPANY LIMITED,24280,94314,0,118594,86879,229,7938,95046,23548,0.193095772,6.693424625,73.25750038,1,2019,0
31/03/2019,AFRICAN MERCHANT ASSURANCE COMPANY LIMITED,1709,624,185,2518,479,5,6,675,1843,0.198570294,0.238284353,19.02303415,1,2019,1
31/03/2019,AIG KENYA INSURANCE COMPANY LIMITED,1561,1035,269,2865,947,0,66,1282,1583,0,2.303664921,33.05410122,1,2019,2
31/03/2019,ALLIANZ INSURANCE COMPANY LIMITED,280,349,44,673,254,0,5,303,370,0,0.742942051,37.74145617,1,2019,3
31/03/2019,APA INSURANCE COMPANY LIMITED,3420,2736,3672,9828,2488,0,0,6160,3668,0,0,25.31542532,1,2019,4
31/03/2019,BRITAM GENERAL INSURANCE COMPANY (K) LTD,54792,67746,0,122538,65403,0,156,65559,56979,0,0.127307447,53.37364736,1,2019,5
31/03/2019,CIC GENERAL INSURANCE LIMITED,10916,2508,2038,15462,1785,0,0,3823,11639,0,0,11.54443151,1,2019,7
31/03/2019,CORPORATE INSURANCE COMPANY LIMITED,1074,133,0,1207,42,0,9,51,1156,0,0.745650373,3.47970174,1,2019,8
31/03/2019,DIRECTLINE ASSURANCE COMPANY LIMITED,83,50,0,133,42,0,0,42,91,0,0,31.57894737,1,2019,9
31/03/2019,FIDELITY SHIELD INSURANCE COMPANY LIMITED,4334,2084,1407,7825,3181,8,30,4626,3199,0.102236422,0.383386581,40.65175719,1,2019,10
31/03/2019,FIRST ASSURANCE COMPANY LIMITED,38180,41067,0,79247,34339,0,6375,40714,38533,0,8.04446856,43.33160877,1,2019,11
31/03/2019,GA INSURANCE LIMITED,7502,3305,572,11379,3203,233,0,4008,7371,2.047631602,0,28.14834344,1,2019,12
31/03/2019,GEMINIA INSURANCE COMPANY LIMITED,2428,516,1166,4110,244,0,79,1489,2621,0,1.922141119,5.936739659,1,2019,13
31/03/2019,THE HERITAGE INSURANCE COMPANY LIMITED,10959,11975,6552,29486,6493,9,680,13734,15752,0.03052296,2.306179204,22.02061996,1,2019,36
31/03/2019,ICEA LION GENERAL INSURANCE COMPANY LIMITED,21340,2571,2917,26828,2362,2,4,5285,21543,0.007454898,0.014909796,8.804234382,1,2019,15
31/03/2019,INTRA AFRICA ASSURANCE COMPANY LIMITED,444,491,487,1422,480,4,27,998,424,0.281293952,1.898734177,33.75527426,1,2019,16
31/03/2019,INVESCO ASSURANCE COMPANY LIMITED,1164,100,113,1377,107,0,0,220,1157,0,0,7.770515614,1,2019,17
31/03/2019,JUBILEE ALLIANZ GENERAL INSURANCE LIMITED,227723,739321,1624,968668,935530,0,827,937981,30687,0,0.085374969,96.57901366,1,2019,18
31/03/2019,KENINDIA ASSURANCE COMPANY LIMITED,5428,4700,0,10128,5596,0,0,5596,4532,0,0,55.25276461,1,2019,21
31/03/2019,KENYA ORIENT INSURANCE LIMITED,7104,1384,1769,10257,678,1,20,2468,7789,0.009749439,0.194988788,6.610119918,1,2019,22
31/03/2019,MADISON GENERAL INSURANCE KENYA LIMITED,32131,71102,115,103348,70591,3727,42,74475,28873,3.606262337,0.040639393,68.30417618,1,2019,23
31/03/2019,MAYFAIR INSURANCE COMPANY LIMITED,311,357,0,668,289,0,0,289,379,0,0,43.26347305,1,2019,24
31/03/2019,CANNON GENERALINSURANCE COMPANY LIMITED,1061,413,0,1474,282,0,15,297,1177,0,1.017639077,19.13161465,1,2019,6
31/03/2019,MUA INSURANCE(KENYA) LIMITED,882,393,0,1275,279,0,45,324,951,0,3.529411765,21.88235294,1,2019,25
31/03/2019,OCCIDENTAL INSURANCE COMPANY LIMITED,1619,1189,0,2808,1000,0,11,1011,1797,0,0.391737892,35.61253561,1,2019,26
31/03/2019,PACIS INSURANCE COMPANY LIMITED,2020,1124,1443,4587,920,35,21,2419,2168,0.763025943,0.457815566,20.05668193,1,2019,28
31/03/2019,PIONEER GENERAL INSURANCE LIMITED,144,444,769,1357,405,9,0,1183,174,0.663227708,0,29.84524687,1,2019,30
31/03/2019,SAHAM INSURANCE COMPANY LIMITED,26182,31681,683,58546,20874,218,140,21915,36631,0.372356779,0.239128207,35.65401565,1,2019,31
31/03/2019,SANLAM GENERAL INSURANCE COMPANY LIMITED,79040,18161,479,97680,13864,126,321,14790,82890,0.128992629,0.328624079,14.19328419,1,2019,32
31/03/2019,TAKAFUL INSURANCE OF AFRICA LIMITED,309,252,139,700,124,0,28,291,409,0,4,17.71428571,1,2019,34
31/03/2019,TAUSI ASSURANCE COMPANY LIMITED,605,362,97,1064,219,0,56,372,692,0,5.263157895,20.58270677,1,2019,35
31/03/2019,THE KENYAN ALLIANCE INSURANCE COMPANY LIMITED,1029,1958,819,3806,2731,32,0,3582,224,0.840777719,0,71.75512349,1,2019,37
31/03/2019,THE MONARCH INSURANCE COMPANY LIMITED,635,1068,2303,4006,698,22,0,3023,983,0.549176236,0,17.4238642,1,2019,38
31/03/2019,TRIDENT INSURANCE COMPANY LIMITED,49096,751,1334,51181,1219,0,39,2592,48589,0,0.076200152,2.381743225,1,2019,39
31/03/2019,OLD MUTUAL GENERAL INSURANCE KENYA LIMITED,1950,1361,1846,5157,1174,12,1,3033,2124,0.232693426,0.019391119,22.76517355,1,2019,27
31/03/2019,XPLICO INSURANCE COMPANY LIMITED,2210,304,11,2525,104,0,0,115,2410,0,0,4.118811881,1,2019,40
30/06/2019,AAR INSURANCE COMPANY LIMITED,23548,91864,0,115412,89385,273,4140,93798,21614,0.23654386,3.58714865,77.44861886,2,2019,0
30/06/2019,AFRICAN MERCHANT ASSURANCE COMPANY LIMITED,1843,548,170,2561,483,1,0,654,1907,0.039047247,0,18.85982038,2,2019,1
30/06/2019,AIG KENYA INSURANCE COMPANY LIMITED,1583,1114,246,2943,1010,0,125,1381,1562,0,4.247366633,34.31872239,2,2019,2
30/06/2019,ALLIANZ INSURANCE COMPANY LIMITED,370,576,77,1023,521,0,7,605,418,0,0.684261975,50.92864125,2,2019,3
30/06/2019,APA INSURANCE COMPANY LIMITED,3668,2788,3761,10217,2519,0,487,6767,3450,0,4.766565528,24.65498679,2,2019,4
30/06/2019,BRITAM GENERAL INSURANCE COMPANY (K) LTD,56979,49677,0,106656,56282,0,0,56282,50374,0,0,52.76965197,2,2019,5
30/06/2019,CIC GENERAL INSURANCE LIMITED,11639,2572,1506,15717,2054,0,0,3560,12157,0,0,13.06865178,2,2019,7
30/06/2019,CORPORATE INSURANCE COMPANY LIMITED,1156,200,0,1356,174,0,1,175,1181,0,0.073746313,12.83185841,2,2019,8
30/06/2019,DIRECTLINE ASSURANCE COMPANY LIMITED,91,56,0,147,48,0,0,48,99,0,0,32.65306122,2,2019,9
30/06/2019,FIDELITY SHIELD INSURANCE COMPANY LIMITED,3199,1688,1440,6327,2163,0,0,3603,2724,0,0,34.1868184,2,2019,10
30/06/2019,FIRST ASSURANCE COMPANY LIMITED,38533,39606,0,78139,30895,0,5160,36055,42084,0,6.603616632,39.5385147,2,2019,11
30/06/2019,GA INSURANCE LIMITED,7371,4315,1201,12887,6720,244,0,8165,4722,1.893380927,0,52.14557306,2,2019,12
30/06/2019,GEMINIA INSURANCE COMPANY LIMITED,2621,1215,1042,4878,713,0,0,1755,3123,0,0,14.61664617,2,2019,13
30/06/2019,THE HERITAGE INSURANCE COMPANY LIMITED,15752,31724,6554,54030,33560,48,704,40866,13164,0.088839534,1.302979826,62.11364057,2,2019,36
30/06/2019,ICEA LION GENERAL INSURANCE COMPANY LIMITED,15816,1711,2960,20487,2672,32,252,5916,14571,0.156196612,1.230048323,13.04241714,2,2019,15
30/06/2019,INTRA AFRICA ASSURANCE COMPANY LIMITED,0,312,372,684,195,0,1,568,116,0,0.14619883,28.50877193,2,2019,16
30/06/2019,INVESCO ASSURANCE COMPANY LIMITED,1157,64,93,1314,109,0,0,202,1112,0,0,8.295281583,2,2019,17
30/06/2019,JUBILEE ALLIANZ GENERAL INSURANCE LIMITED,220842,910380,1395,1132617,872289,0,1381,875065,257552,0,0.121930008,77.01535471,2,2019,18
30/06/2019,KENINDIA ASSURANCE COMPANY LIMITED,4532,4872,0,9404,5472,0,0,5472,3932,0,0,58.1880051,2,2019,21
30/06/2019,KENYA ORIENT INSURANCE LIMITED,7789,839,1051,9679,260,24,174,1509,8170,0.2479595,1.797706375,2.686227916,2,2019,22
30/06/2019,MADISON GENERAL INSURANCE KENYA LIMITED,28808,64681,768,94257,63953,3362,0,68083,26174,3.566843842,0,67.84960268,2,2019,23
30/06/2019,MAYFAIR INSURANCE COMPANY LIMITED,379,325,0,704,310,0,0,310,394,0,0,44.03409091,2,2019,24
30/06/2019,CANNON GENERALINSURANCE COMPANY LIMITED,1177,423,0,1600,290,0,103,393,1207,0,6.4375,18.125,2,2019,6
30/06/2019,MUA INSURANCE(KENYA) LIMITED,951,241,0,1192,291,0,43,334,858,0,3.60738255,24.41275168,2,2019,25
30/06/2019,OCCIDENTAL INSURANCE COMPANY LIMITED,1797,1192,6,2995,948,0,18,972,2023,0,0.601001669,31.65275459,2,2019,26
30/06/2019,PACIS INSURANCE COMPANY LIMITED,2167,924,1103,4194,874,3,134,2114,2080,0.071530758,3.195040534,20.83929423,2,2019,28
30/06/2019,PIONEER GENERAL INSURANCE LIMITED,174,450,1062,1686,369,3,0,1434,252,0.177935943,0,21.886121,2,2019,30
30/06/2019,SAHAM INSURANCE COMPANY LIMITED,36631,31552,680,68863,30862,726,277,32545,36318,1.054267168,0.402247942,44.81651976,2,2019,31
30/06/2019,SANLAM GENERAL INSURANCE COMPANY LIMITED,82890,20579,809,104278,16625,139,338,17911,86367,0.133297532,0.324133566,15.94296016,2,2019,32
30/06/2019,TAKAFUL INSURANCE OF AFRICA LIMITED,409,187,3,599,143,0,28,174,425,0,4.674457429,23.87312187,2,2019,34
30/06/2019,TAUSI ASSURANCE COMPANY LIMITED,692,415,119,1226,272,0,111,502,724,0,9.053833605,22.18597064,2,2019,35
30/06/2019,THE KENYAN ALLIANCE INSURANCE COMPANY LIMITED,225,3890,358,4473,2778,51,0,3187,1286,1.14017438,0,62.10596915,2,2019,37
30/06/2019,THE MONARCH INSURANCE COMPANY LIMITED,8296,1962,499,10757,802,18,1190,2509,8248,0.1673329,11.06256391,7.4556103,2,2019,38
30/06/2019,TRIDENT INSURANCE COMPANY LIMITED,48589,1341,119,50049,2096,0,10,2225,47824,0,0.019980419,4.187895862,2,2019,39
30/06/2019,OLD MUTUAL GENERAL INSURANCE KENYA LIMITED,2124,1479,1924,5527,1850,22,0,3796,1731,0.398045956,0,33.47204632,2,2019,27
30/06/2019,XPLICO INSURANCE COMPANY LIMITED,2410,195,1,2606,107,0,0,108,2498,0,0,4.10590944,2,2019,40
30/09/2019,AAR INSURANCE COMPANY LIMITED,21614,84422,0,106036,79546,961,2099,82606,23430,0.906295975,1.979516391,75.01791844,3,2019,0
30/09/2019,AFRICAN MERCHANT ASSURANCE COMPANY LIMITED,1907,444,170,2521,346,0,0,516,2005,0,0,13.72471242,3,2019,1
30/09/2019,AIG KENYA INSURANCE COMPANY LIMITED,1562,1223,394,3179,979,0,47,1420,1759,0,1.478452344,30.79584775,3,2019,2
30/09/2019,ALLIANZ INSURANCE COMPANY LIMITED,418,1183,50,1651,1170,0,28,1248,403,0,1.695941853,70.86614173,3,2019,3
30/09/2019,APA INSURANCE COMPANY LIMITED,3450,2639,4250,10339,2364,0,0,6614,3725,0,0,22.86488055,3,2019,4
30/09/2019,BRITAM GENERAL INSURANCE COMPANY (K) LTD,50374,45352,0,95726,50398,0,37,50435,45291,0,0.038651986,52.64818336,3,2019,5
30/09/2019,CIC GENERAL INSURANCE LIMITED,12157,6055,2192,20404,7283,0,0,9475,10929,0,0,35.69398157,3,2019,7
30/09/2019,CORPORATE INSURANCE COMPANY LIMITED,1092,242,0,1334,181,0,599,780,554,0,44.90254873,13.56821589,3,2019,8
30/09/2019,DIRECTLINE ASSURANCE COMPANY LIMITED,99,78,0,177,51,0,0,51,126,0,0,28.81355932,3,2019,9
30/09/2019,FIDELITY SHIELD INSURANCE COMPANY LIMITED,2724,1748,1627,6099,1706,5,56,3394,2705,0.081980653,0.918183309,27.97179866,3,2019,10
30/09/2019,FIRST ASSURANCE COMPANY LIMITED,42084,38448,0,80532,34327,0,4849,39176,41356,0,6.02120896,42.62529181,3,2019,11
30/09/2019,GA INSURANCE LIMITED,4722,5573,166,10461,4911,376,0,5453,5008,3.594302648,0,46.94579868,3,2019,12
30/09/2019,GEMINIA INSURANCE COMPANY LIMITED,3123,2218,1940,7281,1210,0,0,3150,4131,0,0,16.61859635,3,2019,13
30/09/2019,THE HERITAGE INSURANCE COMPANY LIMITED,13164,32765,6873,52802,33214,23,1031,41141,11661,0.043558956,1.952577554,62.90292034,3,2019,36
30/09/2019,ICEA LION GENERAL INSURANCE COMPANY LIMITED,2426,1561,15544,19531,2492,13,299,18348,1183,0.066560852,1.530899596,12.75920332,3,2019,15
30/09/2019,INTRA AFRICA ASSURANCE COMPANY LIMITED,599,590,446,1635,471,1,1,919,716,0.06116208,0.06116208,28.80733945,3,2019,16
30/09/2019,INVESCO ASSURANCE COMPANY LIMITED,1112,48,114,1274,119,0,0,233,1041,0,0,9.340659341,3,2019,17
30/09/2019,JUBILEE ALLIANZ GENERAL INSURANCE LIMITED,257554,953023,2944,1213521,991483,0,46,994473,219048,0,0.003790622,81.70299484,3,2019,18
30/09/2019,KENINDIA ASSURANCE COMPANY LIMITED,3932,4212,0,8144,3617,0,0,3617,4527,0,0,44.41306483,3,2019,21
30/09/2019,KENYA ORIENT INSURANCE LIMITED,8170,699,642,9511,421,27,24,1114,8397,0.283881821,0.252339396,4.42645358,3,2019,22
30/09/2019,MADISON GENERAL INSURANCE KENYA LIMITED,26174,74813,422,101409,74678,2855,0,77955,23454,2.815331973,0,73.64040667,3,2019,23
30/09/2019,MAYFAIR INSURANCE COMPANY LIMITED,394,283,0,677,318,0,0,318,359,0,0,46.97193501,3,2019,24
30/09/2019,CANNON GENERALINSURANCE COMPANY LIMITED,1207,347,0,1554,282,0,14,296,1258,0,0.900900901,18.14671815,3,2019,6
30/09/2019,MUA INSURANCE(KENYA) LIMITED,858,383,0,1241,361,0,223,584,657,0,17.96937953,29.089444,3,2019,25
30/09/2019,OCCIDENTAL INSURANCE COMPANY LIMITED,2023,1234,2,3259,1013,0,341,1356,1903,0,10.46333231,31.08315434,3,2019,26
30/09/2019,PACIS INSURANCE COMPANY LIMITED,2080,1019,1210,4309,820,6,232,2268,2041,0.139243444,5.384079833,19.02993734,3,2019,28
30/09/2019,PIONEER GENERAL INSURANCE LIMITED,268,535,1132,1935,551,9,0,1692,243,0.465116279,0,28.4754522,3,2019,30
30/09/2019,SAHAM INSURANCE COMPANY LIMITED,18084,36093,789,54966,36565,1320,614,39288,15678,2.401484554,1.117054179,66.52294145,3,2019,31
30/09/2019,SANLAM GENERAL INSURANCE COMPANY LIMITED,25203,18874,902,44979,21224,109,952,23187,21792,0.242335312,2.116543276,47.18646479,3,2019,32
30/09/2019,TAKAFUL INSURANCE OF AFRICA LIMITED,425,155,0,580,193,0,0,193,387,0,0,33.27586207,3,2019,34
30/09/2019,TAUSI ASSURANCE COMPANY LIMITED,724,379,92,1195,317,0,175,584,611,0,14.64435146,26.52719665,3,2019,35
30/09/2019,THE KENYAN ALLIANCE INSURANCE COMPANY LIMITED,1276,9060,463,10799,7876,63,0,8402,2397,0.583387351,0,72.93267895,3,2019,37
30/09/2019,THE MONARCH INSURANCE COMPANY LIMITED,8196,1906,76,10178,1298,11,326,1711,8467,0.108076243,3.202986834,12.75299666,3,2019,38
30/09/2019,TRIDENT INSURANCE COMPANY LIMITED,47824,5027,531,53382,2219,0,995,3745,49637,0,1.863924169,4.156831891,3,2019,39
30/09/2019,OLD MUTUAL GENERAL INSURANCE KENYA LIMITED,1731,910,2020,4661,776,9,0,2805,1856,0.193091611,0,16.64878781,3,2019,27
30/09/2019,XPLICO INSURANCE COMPANY LIMITED,2498,227,13,2738,191,0,0,204,2534,0,0,6.975894814,3,2019,40
31/12/2019,AAR INSURANCE COMPANY LIMITED,23430,73122,0,96552,75260,923,2663,78846,17706,0.955961554,2.758099263,77.94763444,4,2019,0
31/12/2019,AFRICAN MERCHANT ASSURANCE COMPANY LIMITED,2005,353,129,2487,278,7,0,414,2073,0.281463611,0,11.17812626,4,2019,1
31/12/2019,AIG KENYA INSURANCE COMPANY LIMITED,1759,756,371,2886,650,0,13,1034,1852,0,0.45045045,22.52252252,4,2019,2
31/12/2019,ALLIANZ INSURANCE COMPANY LIMITED,403,1265,95,1763,1226,0,0,1321,442,0,0,69.54055587,4,2019,3
31/12/2019,APA INSURANCE COMPANY LIMITED,3725,2702,6347,12774,2151,0,1,8499,4275,0,0.007828401,16.8388915,4,2019,4
31/12/2019,BRITAM GENERAL INSURANCE COMPANY (K) LTD,45291,42559,0,87850,47864,0,0,47864,39986,0,0,54.48377917,4,2019,5
31/12/2019,CIC GENERAL INSURANCE LIMITED,10929,7129,1464,19522,7680,0,0,9144,10378,0,0,39.34023153,4,2019,7
31/12/2019,CORPORATE INSURANCE COMPANY LIMITED,554,429,2,985,304,0,48,354,631,0,4.873096447,30.86294416,4,2019,8
31/12/2019,DIRECTLINE ASSURANCE COMPANY LIMITED,126,88,0,214,74,0,0,74,140,0,0,34.57943925,4,2019,9
31/12/2019,FIDELITY SHIELD INSURANCE COMPANY LIMITED,2705,1494,1987,6186,1464,5,318,3774,2412,0.080827675,5.140640155,23.66634336,4,2019,10
31/12/2019,FIRST ASSURANCE COMPANY LIMITED,41356,39340,0,80696,30810,0,5975,36785,43911,0,7.404332309,38.18033112,4,2019,11
31/12/2019,GA INSURANCE LIMITED,5008,4033,141,9182,3911,232,2,4286,4896,2.52668264,0.021781747,42.59420606,4,2019,12
31/12/2019,GEMINIA INSURANCE COMPANY LIMITED,4131,2152,4240,10523,2513,0,0,6753,3770,0,0,23.88102252,4,2019,13
31/12/2019,THE HERITAGE INSURANCE COMPANY LIMITED,11661,27593,4391,43645,27248,53,487,32179,11466,0.121434299,1.115820827,62.4309772,4,2019,36
31/12/2019,ICEA LION GENERAL INSURANCE COMPANY LIMITED,1177,3665,3203,8045,1966,11,104,5284,2761,0.136730889,1.292728403,24.43753884,4,2019,15
31/12/2019,INTRA AFRICA ASSURANCE COMPANY LIMITED,716,450,523,1689,289,1,25,838,851,0.059206631,1.480165779,17.1107164,4,2019,16
31/12/2019,INVESCO ASSURANCE COMPANY LIMITED,1041,39,82,1162,58,0,0,140,1022,0,0,4.991394148,4,2019,17
31/12/2019,JUBILEE ALLIANZ GENERAL INSURANCE LIMITED,219048,1007020,1714,1227782,997670,0,37,999421,228361,0,0.003013564,81.25791061,4,2019,18
31/12/2019,KENINDIA ASSURANCE COMPANY LIMITED,4527,4353,0,8880,2832,0,0,2832,6048,0,0,31.89189189,4,2019,21
31/12/2019,KENYA ORIENT INSURANCE LIMITED,8398,670,2918,11986,281,59,998,4256,7730,0.492240948,8.326380778,2.344401802,4,2019,22
31/12/2019,MADISON GENERAL INSURANCE KENYA LIMITED,23454,63084,133,86671,46173,3135,0,49441,37230,3.617126836,0,53.27387477,4,2019,23
31/12/2019,MAYFAIR INSURANCE COMPANY LIMITED,359,340,0,699,315,0,0,315,384,0,0,45.06437768,4,2019,24
31/12/2019,CANNON GENERALINSURANCE COMPANY LIMITED,1258,530,198,1986,276,0,287,761,1225,0,14.45115811,13.89728097,4,2019,6
31/12/2019,MUA INSURANCE(KENYA) LIMITED,657,483,0,1140,350,0,38,388,752,0,3.333333333,30.70175439,4,2019,25
31/12/2019,OCCIDENTAL INSURANCE COMPANY LIMITED,1903,1138,7,3048,673,0,545,1225,1823,0,17.88057743,22.08005249,4,2019,26
31/12/2019,PACIS INSURANCE COMPANY LIMITED,2041,1005,681,3727,697,1,5,1384,2343,0.026831232,0.134156158,18.70136839,4,2019,28
31/12/2019,PIONEER GENERAL INSURANCE LIMITED,243,683,1184,2110,540,10,0,1734,376,0.473933649,0,25.59241706,4,2019,30
31/12/2019,SAHAM INSURANCE COMPANY LIMITED,13135,23758,108,37001,32528,527,0,33163,3838,1.42428583,0,87.91113754,4,2019,31
31/12/2019,SANLAM GENERAL INSURANCE COMPANY LIMITED,21792,16719,788,39299,18224,0,170,19182,20117,0,0.432580982,46.37268124,4,2019,32
31/12/2019,TAKAFUL INSURANCE OF AFRICA LIMITED,387,126,0,513,81,0,0,81,432,0,0,15.78947368,4,2019,34
31/12/2019,TAUSI ASSURANCE COMPANY LIMITED,611,400,90,1101,299,0,104,493,608,0,9.44595822,27.15712988,4,2019,35
31/12/2019,THE KENYAN ALLIANCE INSURANCE COMPANY LIMITED,2397,10566,537,13500,7251,40,0,7828,5672,0.296296296,0,53.71111111,4,2019,37
31/12/2019,THE MONARCH INSURANCE COMPANY LIMITED,8470,1195,248,9913,339,5,370,962,8951,0.050438818,3.732472511,3.419751841,4,2019,38
31/12/2019,TRIDENT INSURANCE COMPANY LIMITED,49537,1726,945,52208,2815,0,3779,7539,44669,0,7.238354275,5.391893963,4,2019,39
31/12/2019,OLD MUTUAL GENERAL INSURANCE KENYA LIMITED,1856,1230,2182,5268,822,30,0,3034,2234,0.569476082,0,15.60364465,4,2019,27
31/12/2019,XPLICO INSURANCE COMPANY LIMITED,2534,181,0,2715,190,0,0,190,2525,0,0,6.998158379,4,2019,40
31/03/2020,AAR INSURANCE COMPANY LIMITED,20591,76089,0,96680,71639,190,1997,73826,22854,0.196524617,2.065577162,74.09908978,1,2020,0
31/03/2020,AFRICAN MERCHANT ASSURANCE COMPANY LIMITED,2073,379,102,2554,144,1,0,247,2307,0.039154268,0,5.638214565,1,2020,1
31/03/2020,AIG KENYA INSURANCE COMPANY LIMITED,1813,1121,398,3332,653,0,15,1066,2266,0,0.450180072,19.59783914,1,2020,2
31/03/2020,ALLIANZ INSURANCE COMPANY LIMITED,959,1014,75,2048,1413,0,4,1492,556,0,0.1953125,68.99414063,1,2020,3
31/03/2020,APA INSURANCE COMPANY LIMITED,4275,2678,5159,12112,3450,0,0,8609,3503,0,0,28.48414795,1,2020,4
31/03/2020,BRITAM GENERAL INSURANCE COMPANY (K) LTD,39986,80740,0,120726,74881,0,0,74881,45845,0,0,62.02557858,1,2020,5
31/03/2020,CIC GENERAL INSURANCE LIMITED,10378,9711,1668,21757,12356,0,0,14024,7733,0,0,56.79091787,1,2020,7
31/03/2020,CORPORATE INSURANCE COMPANY LIMITED,631,474,0,1105,418,0,5,423,682,0,0.452488688,37.8280543,1,2020,8
31/03/2020,DIRECTLINE ASSURANCE COMPANY LIMITED,140,107,0,247,40,0,0,40,207,0,0,16.19433198,1,2020,9
31/03/2020,FIDELITY SHIELD INSURANCE COMPANY LIMITED,2412,1461,1193,5066,1463,9,53,2718,2348,0.177654955,1.046190288,28.87879984,1,2020,10
31/03/2020,FIRST ASSURANCE COMPANY LIMITED,43911,46757,0,90668,42014,0,8821,50835,39833,0,9.728901046,46.33828914,1,2020,11
31/03/2020,GA INSURANCE LIMITED,4896,3476,166,8538,3050,178,0,3394,5144,2.084797376,0,35.72265167,1,2020,12
31/03/2020,GEMINIA INSURANCE COMPANY LIMITED,3770,2707,2553,9030,1321,0,22,3896,5134,0,0.243632337,14.6290144,1,2020,13
31/03/2020,THE HERITAGE INSURANCE COMPANY LIMITED,11466,33998,7152,52616,32680,14,918,40764,11852,0.026607876,1.744716436,62.11038467,1,2020,36
31/03/2020,ICEA LION GENERAL INSURANCE COMPANY LIMITED,2765,2197,2843,7805,2630,12,40,5525,2280,0.153747598,0.512491992,33.69634849,1,2020,15
31/03/2020,INTRA AFRICA ASSURANCE COMPANY LIMITED,851,438,252,1541,421,0,7,680,861,0,0.454250487,27.31992213,1,2020,16
31/03/2020,INVESCO ASSURANCE COMPANY LIMITED,1022,39,111,1172,51,0,0,162,1010,0,0,4.351535836,1,2020,17
31/03/2020,JUBILEE GENERAL INSURANCE,6681,1992,1829,10502,1434,0,52,3315,7187,0,0.495143782,13.65454199,1,2020,19
31/03/2020,JUBILEE HEALTH INSURANCE LIMITED,221681,1002704,0,1224385,974974,0,0,974974,249411,0,0,79.62969164,1,2020,20
31/03/2020,KENINDIA ASSURANCE COMPANY LIMITED,6119,3937,0,10056,1704,93,182,1979,8077,0.924821002,1.809864757,16.9451074,1,2020,21
31/03/2020,KENYA ORIENT INSURANCE LIMITED,7730,682,1111,9523,246,30,131,1518,8005,0.315026777,1.375616927,2.583219574,1,2020,22
31/03/2020,MADISON GENERAL INSURANCE KENYA LIMITED,37230,102589,172,139991,102508,4584,0,107264,32727,3.274496218,0,73.2247073,1,2020,23
31/03/2020,MAYFAIR INSURANCE COMPANY LIMITED,384,266,0,650,264,0,0,264,386,0,0,40.61538462,1,2020,24
31/03/2020,CANNON GENERALINSURANCE COMPANY LIMITED,1225,586,199,2010,224,1,127,551,1459,0.049751244,6.31840796,11.14427861,1,2020,6
31/03/2020,MUA INSURANCE(KENYA) LIMITED,752,290,0,1042,367,0,5,372,670,0,0.479846449,35.22072937,1,2020,25
31/03/2020,OCCIDENTAL INSURANCE COMPANY LIMITED,1609,1251,6,2866,1058,0,37,1101,1765,0,1.290997906,36.91556176,1,2020,26
31/03/2020,PACIS INSURANCE COMPANY LIMITED,2343,948,983,4274,714,5,125,1827,2447,0.11698643,2.924660739,16.70566214,1,2020,28
31/03/2020,PIONEER GENERAL INSURANCE LIMITED,376,635,1663,2674,747,14,0,2424,250,0.523560209,0,27.93567689,1,2020,30
31/03/2020,SAHAM INSURANCE COMPANY LIMITED,3844,28004,52,31900,28279,1373,0,29704,2196,4.304075235,0,88.64890282,1,2020,31
31/03/2020,SANLAM GENERAL INSURANCE COMPANY LIMITED,20117,25910,781,46808,26401,150,115,27447,19361,0.320458041,0.245684498,56.40275167,1,2020,32
31/03/2020,TAKAFUL INSURANCE OF AFRICA LIMITED,0,5904,0,5904,180,0,0,180,5724,0,0,3.048780488,1,2020,34
31/03/2020,TAUSI ASSURANCE COMPANY LIMITED,608,446,70,1124,340,0,81,491,633,0,7.206405694,30.24911032,1,2020,35
31/03/2020,THE KENYAN ALLIANCE INSURANCE COMPANY LIMITED,5672,17016,312,23000,11086,158,0,11556,11444,0.686956522,0,48.2,1,2020,37
31/03/2020,THE MONARCH INSURANCE COMPANY LIMITED,8951,1321,267,10539,550,204,299,1320,9219,1.935667521,2.837081317,5.218711453,1,2020,38
31/03/2020,TRIDENT INSURANCE COMPANY LIMITED,44669,515,42,45226,575,0,0,617,44609,0,0,1.271392562,1,2020,39
31/03/2020,OLD MUTUAL GENERAL INSURANCE KENYA LIMITED,2234,1325,7654,11213,1682,6,0,9342,1871,0.05350932,0,15.00044591,1,2020,27
31/03/2020,XPLICO INSURANCE COMPANY LIMITED,2525,207,0,2732,43,8,0,51,2681,0.292825769,0,1.573938507,1,2020,40
30/06/2020,AAR INSURANCE COMPANY LIMITED,22854,45329,0,68183,49736,46,1370,51152,17031,0.067465497,2.009298505,72.94486896,2,2020,0
30/06/2020,AFRICAN MERCHANT ASSURANCE COMPANY LIMITED,2307,244,74,2625,187,0,0,261,2364,0,0,7.123809524,2,2020,1
30/06/2020,AIG KENYA INSURANCE COMPANY LIMITED,2266,873,218,3357,810,0,93,1121,2236,0,2.770330652,24.12868633,2,2020,2
30/06/2020,ALLIANZ INSURANCE COMPANY LIMITED,556,1097,102,1755,1128,0,36,1266,489,0,2.051282051,64.27350427,2,2020,3
30/06/2020,APA INSURANCE COMPANY LIMITED,3503,2256,4107,9866,2578,0,0,6685,3181,0,0,26.13014393,2,2020,4
30/06/2020,BRITAM GENERAL INSURANCE COMPANY (K) LTD,45845,22344,5285,73474,28801,0,0,34086,39388,0,0,39.19890029,2,2020,5
30/06/2020,CIC GENERAL INSURANCE LIMITED,7736,2598,2891,13225,4644,0,0,7535,5690,0,0,35.11531191,2,2020,7
30/06/2020,CORPORATE INSURANCE COMPANY LIMITED,682,340,0,1022,161,0,9,170,852,0,0.880626223,15.75342466,2,2020,8
30/06/2020,DIRECTLINE ASSURANCE COMPANY LIMITED,207,52,0,259,64,0,0,64,195,0,0,24.71042471,2,2020,9
30/06/2020,FIDELITY SHIELD INSURANCE COMPANY LIMITED,2348,910,1264,4522,1211,21,20,2516,2006,0.464396285,0.442282176,26.78018576,2,2020,10
30/06/2020,FIRST ASSURANCE COMPANY LIMITED,39833,23524,0,63357,25042,0,4680,29722,33635,0,7.386713386,39.52523005,2,2020,11
30/06/2020,GA INSURANCE LIMITED,5144,2617,720,8481,2476,419,1,3616,4865,4.940455135,0.011791062,29.19467044,2,2020,12
30/06/2020,GEMINIA INSURANCE COMPANY LIMITED,5134,2082,2168,9384,840,0,87,3095,6289,0,0.927109974,8.95140665,2,2020,13
30/06/2020,THE HERITAGE INSURANCE COMPANY LIMITED,11852,17181,6064,35097,18839,1,1031,25935,9162,0.002849246,2.937573012,53.67695245,2,2020,36
30/06/2020,ICEA LION GENERAL INSURANCE COMPANY LIMITED,2280,1701,2543,6524,2319,18,52,4932,1592,0.275904353,0.79705702,35.5456775,2,2020,15
30/06/2020,INTRA AFRICA ASSURANCE COMPANY LIMITED,861,474,184,1519,343,0,23,550,969,0,1.514154049,22.58064516,2,2020,16
30/06/2020,INVESCO ASSURANCE COMPANY LIMITED,1010,30,75,1115,53,0,0,128,987,0,0,4.753363229,2,2020,17
30/06/2020,JUBILEE GENERAL INSURANCE,7187,1755,1883,10825,1546,0,738,4167,6658,0,6.817551963,14.2817552,2,2020,19
30/06/2020,JUBILEE HEALTH INSURANCE LIMITED,249411,960054,0,1209465,875075,0,0,875075,334390,0,0,72.35223839,2,2020,20
30/06/2020,KENINDIA ASSURANCE COMPANY LIMITED,8077,3334,0,11411,2540,0,377,2917,8494,0,3.303829638,22.25922356,2,2020,21
30/06/2020,KENYA ORIENT INSURANCE LIMITED,8005,472,708,9185,150,16,39,913,8272,0.17419706,0.424605335,1.633097441,2,2020,22
30/06/2020,MADISON GENERAL INSURANCE KENYA LIMITED,32727,41429,123,74279,50776,1354,0,52253,22026,1.822857066,0,68.35848625,2,2020,23
30/06/2020,MAYFAIR INSURANCE COMPANY LIMITED,386,264,0,650,352,0,0,352,298,0,0,54.15384615,2,2020,24
30/06/2020,CANNON GENERALINSURANCE COMPANY LIMITED,1459,336,411,2206,163,0,55,629,1577,0,2.493200363,7.388939257,2,2020,6
30/06/2020,MUA INSURANCE(KENYA) LIMITED,670,439,0,1109,377,0,7,384,725,0,0.631199279,33.99458972,2,2020,25
30/06/2020,OCCIDENTAL INSURANCE COMPANY LIMITED,1765,953,2,2720,827,0,9,838,1882,0,0.330882353,30.40441176,2,2020,26
30/06/2020,PACIS INSURANCE COMPANY LIMITED,2447,796,486,3729,851,0,4,1341,2388,0,0.107267364,22.82113167,2,2020,28
30/06/2020,PIONEER GENERAL INSURANCE LIMITED,250,559,1204,2013,421,5,0,1630,383,0.248385494,0,20.91405862,2,2020,30
30/06/2020,SAHAM INSURANCE COMPANY LIMITED,2173,43056,0,45229,32759,580,0,33339,11890,1.282363086,0,72.42919366,2,2020,31
30/06/2020,SANLAM GENERAL INSURANCE COMPANY LIMITED,19361,21957,1167,42485,21799,0,93,23059,19426,0,0.218900789,51.30987407,2,2020,32
30/06/2020,TAKAFUL INSURANCE OF AFRICA LIMITED,12796,3973,0,16769,7229,0,0,7229,9540,0,0,43.10930884,2,2020,34
30/06/2020,TAUSI ASSURANCE COMPANY LIMITED,633,387,78,1098,292,0,109,479,619,0,9.927140255,26.59380692,2,2020,35
30/06/2020,THE KENYAN ALLIANCE INSURANCE COMPANY LIMITED,11444,24565,626,36635,24163,13,0,24802,11833,0.035485192,0,65.95605295,2,2020,37
30/06/2020,THE MONARCH INSURANCE COMPANY LIMITED,9219,2085,964,12268,2109,17,3149,6239,6029,0.138571894,25.66840561,17.19106619,2,2020,38
30/06/2020,TRIDENT INSURANCE COMPANY LIMITED,44609,743,703,46055,476,0,962,2141,43914,0,2.088806861,1.033546846,2,2020,39
30/06/2020,OLD MUTUAL GENERAL INSURANCE KENYA LIMITED,1871,1301,3446,6618,1221,18,0,4685,1933,0.271985494,0,18.44968268,2,2020,27
30/06/2020,XPLICO INSURANCE COMPANY LIMITED,2681,179,9,2869,74,0,0,83,2786,0,0,2.579295922,2,2020,40
30/09/2020,AAR INSURANCE COMPANY LIMITED,17031,58705,0,75736,65178,94,1276,66548,9188,0.124115348,1.684799831,86.05946974,3,2020,0
30/09/2020,AFRICAN MERCHANT ASSURANCE COMPANY LIMITED,2364,260,79,2703,152,1,0,232,2471,0.03699593,0,5.623381428,3,2020,1
30/09/2020,AIG KENYA INSURANCE COMPANY LIMITED,2236,879,233,3348,806,0,62,1101,2247,0,1.851851852,24.07407407,3,2020,2
30/09/2020,ALLIANZ INSURANCE COMPANY LIMITED,489,1525,114,2128,1375,0,23,1512,616,0,1.080827068,64.61466165,3,2020,3
30/09/2020,APA INSURANCE COMPANY LIMITED,3181,2626,4080,9887,2434,0,0,6514,3373,0,0,24.6181855,3,2020,4
30/09/2020,BRITAM GENERAL INSURANCE COMPANY (K) LTD,39388,40021,3559,82968,37049,0,0,40608,42360,0,0,44.65456562,3,2020,5
30/09/2020,CIC GENERAL INSURANCE LIMITED,5684,2028,2699,10411,3260,0,0,5959,4452,0,0,31.31303429,3,2020,7
30/09/2020,CORPORATE INSURANCE COMPANY LIMITED,852,505,0,1357,236,0,3,239,1118,0,0.221075903,17.39130435,3,2020,8
30/09/2020,DIRECTLINE ASSURANCE COMPANY LIMITED,195,58,0,253,47,0,0,47,206,0,0,18.5770751,3,2020,9
30/09/2020,FIDELITY SHIELD INSURANCE COMPANY LIMITED,2006,1432,1420,4858,1321,11,168,2920,1938,0.22643063,3.458213256,27.19226019,3,2020,10
30/09/2020,FIRST ASSURANCE COMPANY LIMITED,33635,37053,0,70688,29746,0,6703,36449,34239,0,9.482514713,42.08069262,3,2020,11
30/09/2020,GA INSURANCE LIMITED,4865,2785,477,8127,2696,215,0,3388,4739,2.645502646,0,33.17337271,3,2020,12
30/09/2020,GEMINIA INSURANCE COMPANY LIMITED,6289,2412,4792,13493,1308,0,300,6400,7093,0,2.223375083,9.693915364,3,2020,13
30/09/2020,THE HERITAGE INSURANCE COMPANY LIMITED,9162,21934,7180,38276,20514,4,909,28607,9669,0.010450413,2.374856307,53.594942,3,2020,36
30/09/2020,ICEA LION GENERAL INSURANCE COMPANY LIMITED,1592,2099,3122,6813,2616,4,183,5925,888,0.058711287,2.686041391,38.39718186,3,2020,15
30/09/2020,INTRA AFRICA ASSURANCE COMPANY LIMITED,969,477,157,1603,313,0,10,480,1123,0,0.623830318,19.52588896,3,2020,16
30/09/2020,INVESCO ASSURANCE COMPANY LIMITED,987,44,83,1114,61,0,0,144,970,0,0,5.475763016,3,2020,17
30/09/2020,JUBILEE GENERAL INSURANCE,6658,2500,1986,11144,2042,0,1000,5028,6116,0,8.973438622,18.32376167,3,2020,19
30/09/2020,JUBILEE HEALTH INSURANCE LIMITED,334390,984406,0,1318796,1039215,0,0,1039215,279581,0,0,78.8002845,3,2020,20
30/09/2020,KENINDIA ASSURANCE COMPANY LIMITED,8494,3457,0,11951,3981,0,452,4433,7518,0,3.782110284,33.31102,3,2020,21
30/09/2020,KENYA ORIENT INSURANCE LIMITED,8286,622,1066,9974,131,23,151,1371,8603,0.230599559,1.513936234,1.313414879,3,2020,22
30/09/2020,MADISON GENERAL INSURANCE KENYA LIMITED,22026,49122,167,71315,68205,1245,0,69617,1698,1.745775783,0,95.63906612,3,2020,23
30/09/2020,MAYFAIR INSURANCE COMPANY LIMITED,298,431,247,976,328,0,86,661,315,0,8.81147541,33.60655738,3,2020,24
30/09/2020,CANNON GENERALINSURANCE COMPANY LIMITED,1577,703,709,2989,299,0,253,1261,1728,0,8.464369354,10.0033456,3,2020,6
30/09/2020,MUA INSURANCE(KENYA) LIMITED,725,513,0,1238,362,0,213,575,663,0,17.20516963,29.24071082,3,2020,25
30/09/2020,OCCIDENTAL INSURANCE COMPANY LIMITED,1882,1301,1,3184,1208,0,16,1225,1959,0,0.502512563,37.93969849,3,2020,26
30/09/2020,PACIS INSURANCE COMPANY LIMITED,2388,941,886,4215,610,2,4,1502,2713,0.047449585,0.09489917,14.47212337,3,2020,28
30/09/2020,PIONEER GENERAL INSURANCE LIMITED,383,704,1544,2631,632,12,1,2189,442,0.456100342,0.038008362,24.02128468,3,2020,30
30/09/2020,SAHAM INSURANCE COMPANY LIMITED,11890,22906,0,34796,25323,793,0,26116,8680,2.278997586,0,72.77560639,3,2020,31
30/09/2020,SANLAM GENERAL INSURANCE COMPANY LIMITED,19426,21306,1130,41862,25634,5,182,26951,14911,0.011944006,0.434761837,61.23453251,3,2020,32
30/09/2020,TAKAFUL INSURANCE OF AFRICA LIMITED,9540,321,0,9861,260,0,0,260,9601,0,0,2.636649427,3,2020,34
30/09/2020,TAUSI ASSURANCE COMPANY LIMITED,619,392,78,1089,241,0,52,371,718,0,4.775022957,22.13039486,3,2020,35
30/09/2020,THE KENYAN ALLIANCE INSURANCE COMPANY LIMITED,11833,29434,593,41860,20263,15,0,20871,20989,0.035833731,0,48.40659341,3,2020,37
30/09/2020,THE MONARCH INSURANCE COMPANY LIMITED,6020,1733,973,8726,1475,104,224,2776,5950,1.191840477,2.567041027,16.90350676,3,2020,38
30/09/2020,TRIDENT INSURANCE COMPANY LIMITED,43914,469,641,45024,1193,94,1417,3345,41679,0.208777541,3.147210377,2.649697939,3,2020,39
30/09/2020,OLD MUTUAL GENERAL INSURANCE KENYA LIMITED,1933,1276,4095,7304,1059,54,0,5208,2096,0.73932092,0,14.49890471,3,2020,27
30/09/2020,XPLICO INSURANCE COMPANY LIMITED,2786,124,34,2944,83,0,0,117,2827,0,0,2.819293478,3,2020,40
31/12/2020,AAR INSURANCE COMPANY LIMITED,9188,68703,0,77891,61406,23,2296,63725,14166,0.029528444,2.947708978,78.83580902,4,2020,0
31/12/2020,AFRICAN MERCHANT ASSURANCE COMPANY LIMITED,2471,212,86,2769,71,0,0,157,2612,0,0,2.564102564,4,2020,1
31/12/2020,AIG KENYA INSURANCE COMPANY LIMITED,2247,968,247,3462,764,0,146,1157,2305,0,4.217215482,22.06816869,4,2020,2
31/12/2020,ALLIANZ INSURANCE COMPANY LIMITED,616,1445,143,2204,1506,0,26,1675,529,0,1.179673321,68.33030853,4,2020,3
31/12/2020,APA INSURANCE COMPANY LIMITED,3373,2580,2978,8931,1845,0,0,4823,4108,0,0,20.65838092,4,2020,4
31/12/2020,BRITAM GENERAL INSURANCE COMPANY (K) LTD,42360,54347,5612,102319,50355,0,-4137,51830,50489,0,-4.043237326,49.21373352,4,2020,5
31/12/2020,CIC GENERAL INSURANCE LIMITED,4452,2458,2319,9229,2599,0,0,4918,4311,0,0,28.1612309,4,2020,7
31/12/2020,CORPORATE INSURANCE COMPANY LIMITED,1118,757,0,1875,308,0,6,314,1561,0,0.32,16.42666667,4,2020,8
31/12/2020,DIRECTLINE ASSURANCE COMPANY LIMITED,206,99,0,305,56,0,0,56,249,0,0,18.36065574,4,2020,9
31/12/2020,FIDELITY SHIELD INSURANCE COMPANY LIMITED,1938,1184,2521,5643,985,19,478,4003,1640,0.336700337,8.470671629,17.4552543,4,2020,10
31/12/2020,FIRST ASSURANCE COMPANY LIMITED,34239,58325,0,92564,39394,0,6196,45590,46974,0,6.693747029,42.55866211,4,2020,11
31/12/2020,GA INSURANCE LIMITED,4739,2537,565,7841,2572,75,0,3212,4629,0.956510649,0,32.80193853,4,2020,12
31/12/2020,GEMINIA INSURANCE COMPANY LIMITED,7093,2049,4983,14125,1735,0,1675,8393,5732,0,11.85840708,12.28318584,4,2020,13
31/12/2020,THE HERITAGE INSURANCE COMPANY LIMITED,9669,25872,7642,43183,25138,4,1010,33794,9389,0.009262904,2.338883357,58.2127226,4,2020,36
31/12/2020,ICEA LION GENERAL INSURANCE COMPANY LIMITED,888,2069,5310,8267,2021,20,305,7656,611,0.241925729,3.689367364,24.4465949,4,2020,15
31/12/2020,INTRA AFRICA ASSURANCE COMPANY LIMITED,1123,510,335,1968,278,0,27,640,1328,0,1.37195122,14.12601626,4,2020,16
31/12/2020,INVESCO ASSURANCE COMPANY LIMITED,970,47,99,1116,54,0,0,153,963,0,0,4.838709677,4,2020,17
31/12/2020,JUBILEE GENERAL INSURANCE,6116,2723,1879,10718,2573,0,2031,6483,4235,0,18.94943086,24.00634447,4,2020,19
31/12/2020,JUBILEE HEALTH INSURANCE LIMITED,279581,1055124,0,1334705,1044203,0,0,1044203,290502,0,0,78.23474101,4,2020,20
31/12/2020,KENINDIA ASSURANCE COMPANY LIMITED,7518,4813,0,12331,5072,0,587,5659,6672,0,4.760360068,41.13210607,4,2020,21
31/12/2020,KENYA ORIENT INSURANCE LIMITED,8603,581,769,9953,155,28,166,1118,8835,0.281322214,1.667838843,1.557319401,4,2020,22
31/12/2020,MADISON GENERAL INSURANCE KENYA LIMITED,1698,41895,147,43740,37502,737,0,38386,5354,1.684956561,0,85.7384545,4,2020,23
31/12/2020,MAYFAIR INSURANCE COMPANY LIMITED,323,274,55,652,247,0,0,302,350,0,0,37.88343558,4,2020,24
31/12/2020,CANNON GENERALINSURANCE COMPANY LIMITED,1728,621,811,3160,271,0,175,1257,1903,0,5.537974684,8.575949367,4,2020,6
31/12/2020,MUA INSURANCE(KENYA) LIMITED,663,519,0,1182,468,0,101,569,613,0,8.544839255,39.59390863,4,2020,25
31/12/2020,OCCIDENTAL INSURANCE COMPANY LIMITED,1959,1248,0,3207,1051,0,66,1117,2090,0,2.057998129,32.77206112,4,2020,26
31/12/2020,PACIS INSURANCE COMPANY LIMITED,2713,1010,971,4694,771,0,187,1929,2765,0,3.983809118,16.42522369,4,2020,28
31/12/2020,PIONEER GENERAL INSURANCE LIMITED,442,709,1412,2563,735,4,0,2151,412,0.156067109,0,28.67733125,4,2020,30
31/12/2020,SAHAM INSURANCE COMPANY LIMITED,8680,23710,0,32390,23197,653,0,23850,8540,2.016054338,0,71.61778327,4,2020,31
31/12/2020,SANLAM GENERAL INSURANCE COMPANY LIMITED,14911,26074,1355,42340,34282,5,347,35989,6351,0.011809164,0.819555975,80.96835144,4,2020,32
31/12/2020,TAKAFUL INSURANCE OF AFRICA LIMITED,9602,1531,0,11133,2413,0,34,2447,8686,0,0.305398365,21.67430163,4,2020,34
31/12/2020,TAUSI ASSURANCE COMPANY LIMITED,718,440,119,1277,354,0,166,639,638,0,12.99921691,27.72122161,4,2020,35
31/12/2020,THE KENYAN ALLIANCE INSURANCE COMPANY LIMITED,18890,33231,1166,53287,36094,3,0,37263,16024,0.005629891,0,67.73509486,4,2020,37
31/12/2020,THE MONARCH INSURANCE COMPANY LIMITED,5949,1440,1793,9182,2131,80,1440,5444,3738,0.871269876,15.68285777,23.20845132,4,2020,38
31/12/2020,TRIDENT INSURANCE COMPANY LIMITED,41680,1997,261,43938,1518,24,0,1803,42135,0.054622423,0,3.454868223,4,2020,39
31/12/2020,OLD MUTUAL GENERAL INSURANCE KENYA LIMITED,2096,1754,3899,7749,1659,6,0,5564,2185,0.077429346,0,21.40921409,4,2020,27
31/12/2020,XPLICO INSURANCE COMPANY LIMITED,2827,65,19,2911,24,0,0,43,2868,0,0,0.824458949,4,2020,40
30/06/2021,AAR INSURANCE COMPANY LIMITED,20886,73831,0,94717,56900,230,3317,60447,34270,0.242828637,3.502011255,60.07369321,2,2021,0
30/06/2021,AFRICAN MERCHANT ASSURANCE COMPANY LIMITED,2612,260,86,2958,211,0,0,297,2661,0,0,7.133198107,2,2021,1
30/06/2021,AIG KENYA INSURANCE COMPANY LIMITED,2305,1018,298,3621,1122,0,167,1587,2034,0,4.611985639,30.98591549,2,2021,2
30/06/2021,ALLIANZ INSURANCE COMPANY LIMITED,529,1404,149,2082,1367,0,49,1565,517,0,2.353506244,65.65802113,2,2021,3
30/06/2021,APA INSURANCE COMPANY LIMITED,4108,2733,4007,10848,3141,0,0,7148,3700,0,0,28.95464602,2,2021,4
30/06/2021,BRITAM GENERAL INSURANCE COMPANY (K) LTD,50489,62425,3671,116585,66755,0,-2655,67771,48814,0,-2.277308402,57.25865249,2,2021,5
30/06/2021,CIC GENERAL INSURANCE LIMITED,4311,2352,2319,8982,3288,0,0,5607,3375,0,0,36.60654643,2,2021,7
30/06/2021,CORPORATE INSURANCE COMPANY LIMITED,1563,862,0,2425,769,0,25,794,1631,0,1.030927835,31.71134021,2,2021,8
30/06/2021,DIRECTLINE ASSURANCE COMPANY LIMITED,249,107,0,356,91,0,0,91,265,0,0,25.56179775,2,2021,9
30/06/2021,FIDELITY SHIELD INSURANCE COMPANY LIMITED,1640,914,1227,3781,1293,12,58,2590,1191,0.317376355,1.533985718,34.1973023,2,2021,10
30/06/2021,FIRST ASSURANCE COMPANY LIMITED,46974,52647,0,99621,40375,0,6126,46501,53120,0,6.149305869,40.52860341,2,2021,11
30/06/2021,GA INSURANCE LIMITED,4629,2858,730,8217,3058,98,24,3910,4307,1.192649385,0.292077401,37.21552878,2,2021,12
30/06/2021,GEMINIA INSURANCE COMPANY LIMITED,5732,2650,2915,11297,907,0,92,3914,7383,0,0.814375498,8.028680181,2,2021,13
30/06/2021,THE HERITAGE INSURANCE COMPANY LIMITED,9389,31615,9026,50030,29126,44,1017,39213,10817,0.087947232,2.032780332,58.21706976,2,2021,36
30/06/2021,ICEA LION GENERAL INSURANCE COMPANY LIMITED,611,2973,3568,7152,2238,11,149,5966,1186,0.153803132,2.083333333,31.29194631,2,2021,15
30/06/2021,INTRA AFRICA ASSURANCE COMPANY LIMITED,1328,553,233,2114,1174,0,51,1458,656,0,2.412488174,55.53453169,2,2021,16
30/06/2021,INVESCO ASSURANCE COMPANY LIMITED,963,54,71,1088,44,0,0,115,973,0,0,4.044117647,2,2021,17
30/06/2021,JUBILEE GENERAL INSURANCE,4235,3390,1593,9218,3162,0,128,4883,4335,0,1.388587546,34.30245172,2,2021,19
30/06/2021,JUBILEE HEALTH INSURANCE LIMITED,290502,1198161,0,1488663,1052667,0,0,1052667,435996,0,0,70.71224313,2,2021,20
30/06/2021,KENINDIA ASSURANCE COMPANY LIMITED,6672,4010,376,11058,3567,0,1485,5428,5630,0,13.42919154,32.25718937,2,2021,21
30/06/2021,KENYA ORIENT INSURANCE LIMITED,8835,676,695,10206,616,25,48,1384,8822,0.244953949,0.470311581,6.035665295,2,2021,22
30/06/2021,MADISON GENERAL INSURANCE KENYA LIMITED,5354,72076,202,77632,60153,1327,0,61682,15950,1.709346661,0,77.48480008,2,2021,23
30/06/2021,MAYFAIR INSURANCE COMPANY LIMITED,350,286,0,636,320,0,0,320,316,0,0,50.31446541,2,2021,24
30/06/2021,CANNON GENERALINSURANCE COMPANY LIMITED,1903,972,1104,3979,378,0,46,1528,2451,0,1.156069364,9.49987434,2,2021,6
30/06/2021,MUA INSURANCE(KENYA) LIMITED,613,662,0,1275,484,0,16,500,775,0,1.254901961,37.96078431,2,2021,25
30/06/2021,OCCIDENTAL INSURANCE COMPANY LIMITED,2084,1709,3,3796,1135,0,44,1182,2614,0,1.159114858,29.89989463,2,2021,26
30/06/2021,PACIS INSURANCE COMPANY LIMITED,2765,1083,950,4798,774,6,4,1734,3064,0.125052105,0.08336807,16.13172155,2,2021,28
30/06/2021,PIONEER GENERAL INSURANCE LIMITED,412,853,1770,3035,892,3,0,2665,370,0.098846787,0,29.39044481,2,2021,30
30/06/2021,SAHAM INSURANCE COMPANY LIMITED,8540,26483,0,35023,28904,484,0,29388,5635,1.381949005,0,82.52862405,2,2021,31
30/06/2021,SANLAM GENERAL INSURANCE COMPANY LIMITED,11309,10475,1924,23708,9214,4,92,11234,12474,0.016871942,0.388054665,38.86451831,2,2021,32
30/06/2021,TAKAFUL INSURANCE OF AFRICA LIMITED,8696,3809,0,12505,3683,0,2,3685,8820,0,0.015993603,29.45221911,2,2021,34
30/06/2021,TAUSI ASSURANCE COMPANY LIMITED,638,485,96,1219,372,0,64,532,687,0,5.250205086,30.51681706,2,2021,35
30/06/2021,THE KENYAN ALLIANCE INSURANCE COMPANY LIMITED,16024,39318,489,55831,24464,0,0,24953,30878,0,0,43.8179506,2,2021,37
30/06/2021,THE MONARCH INSURANCE COMPANY LIMITED,3738,1993,1123,6854,1880,96,823,3922,2932,1.400641961,12.00758681,27.4292384,2,2021,38
30/06/2021,TRIDENT INSURANCE COMPANY LIMITED,42142,3050,97,45289,3000,104,0,3201,42088,0.229636336,0,6.624125063,2,2021,39
30/06/2021,OLD MUTUAL GENERAL INSURANCE KENYA LIMITED,2185,1596,3153,6934,1269,44,0,4466,2468,0.63455437,0,18.30112489,2,2021,27
30/06/2021,XPLICO INSURANCE COMPANY LIMITED,2868,64,0,2932,67,0,0,67,2865,0,0,2.285129604,2,2021,40
30/09/2021,AAR INSURANCE COMPANY LIMITED,26557,104893,0,131450,103402,109,4235,107746,23704,0.082921263,3.221757322,78.66260936,3,2021,0
30/09/2021,AFRICAN MERCHANT ASSURANCE COMPANY LIMITED,2639,236,65,2940,330,0,0,395,2545,0,0,11.2244898,3,2021,1
30/09/2021,AIG KENYA INSURANCE COMPANY LIMITED,1586,957,559,3102,828,0,248,1635,1467,0,7.994842037,26.69245648,3,2021,2
30/09/2021,ALLIANZ INSURANCE COMPANY LIMITED,559,1322,153,2034,1207,0,2,1362,672,0,0.098328417,59.34119961,3,2021,3
30/09/2021,APA INSURANCE COMPANY LIMITED,3958,2752,4008,10718,2910,0,0,6918,3800,0,0,27.1505878,3,2021,4
30/09/2021,BRITAM GENERAL INSURANCE COMPANY (K) LTD,60011,117142,0,177153,103471,0,0,103471,73682,0,0,58.40770408,3,2021,5
30/09/2021,CIC GENERAL INSURANCE LIMITED,4030,2234,1963,8227,1915,0,0,3878,4349,0,0,23.27701471,3,2021,7
30/09/2021,CORPORATE INSURANCE COMPANY LIMITED,1834,1265,0,3099,516,0,8,524,2575,0,0.25814779,16.65053243,3,2021,8
30/09/2021,DIRECTLINE ASSURANCE COMPANY LIMITED,278,154,0,432,81,0,0,81,351,0,0,18.75,3,2021,9
30/09/2021,FIDELITY SHIELD INSURANCE COMPANY LIMITED,3270,1198,1065,5533,941,5,49,2060,3473,0.09036689,0.885595518,17.00704862,3,2021,10
30/09/2021,FIRST ASSURANCE COMPANY LIMITED,48826,64086,0,112912,61993,0,8813,70806,42106,0,7.805193425,54.9038189,3,2021,11
30/09/2021,GA INSURANCE LIMITED,4572,3355,344,8271,2935,225,0,3504,4767,2.720348205,0,35.48543102,3,2021,12
30/09/2021,GEMINIA INSURANCE COMPANY LIMITED,8493,2681,6093,17267,3283,0,108,9484,7783,0,0.625470551,19.01314646,3,2021,13
30/09/2021,THE HERITAGE INSURANCE COMPANY LIMITED,9884,33224,7239,50347,36214,74,860,44387,5960,0.146979959,1.70814547,71.92881403,3,2021,36
30/09/2021,ICEA LION GENERAL INSURANCE COMPANY LIMITED,1111,2943,4753,8807,2120,28,291,7192,1615,0.31792892,3.304189849,24.0717611,3,2021,15
30/09/2021,INTRA AFRICA ASSURANCE COMPANY LIMITED,719,421,228,1368,242,0,92,562,806,0,6.725146199,17.69005848,3,2021,16
30/09/2021,INVESCO ASSURANCE COMPANY LIMITED,982,48,50,1080,34,0,0,84,996,0,0,3.148148148,3,2021,17
30/09/2021,JUBILEE GENERAL INSURANCE,1864,1946,1033,4843,1363,0,137,2533,2310,0,2.828825108,28.14371257,3,2021,19
30/09/2021,JUBILEE HEALTH INSURANCE LIMITED,388710,1400250,0,1788960,1253026,0,0,1253026,535934,0,0,70.04214739,3,2021,20
30/09/2021,KENINDIA ASSURANCE COMPANY LIMITED,5302,2491,335,8128,1905,0,50,2290,5838,0,0.61515748,23.4375,3,2021,21
30/09/2021,KENYA ORIENT INSURANCE LIMITED,8841,1047,495,10383,1105,24,228,1852,8531,0.231147067,2.19589714,10.64239622,3,2021,22
30/09/2021,MADISON GENERAL INSURANCE KENYA LIMITED,16646,109137,203,125986,98281,10449,0,108933,17053,8.293778674,0,78.00946137,3,2021,23
30/09/2021,MAYFAIR INSURANCE COMPANY LIMITED,429,299,0,728,348,0,43,391,337,0,5.906593407,47.8021978,3,2021,24
30/09/2021,CANNON GENERALINSURANCE COMPANY LIMITED,2934,1199,1108,5241,472,0,64,1644,3597,0,1.221141004,9.005914902,3,2021,6
30/09/2021,MUA INSURANCE(KENYA) LIMITED,10047,28789,0,38836,24884,504,66,25454,13382,1.29776496,0.169945411,64.07456999,3,2021,25
30/09/2021,OCCIDENTAL INSURANCE COMPANY LIMITED,2778,1881,0,4659,1700,0,14,1714,2945,0,0.300493668,36.48851685,3,2021,26
30/09/2021,PACIS INSURANCE COMPANY LIMITED,3209,908,856,4973,830,0,2,1688,3285,0,0.040217173,16.69012668,3,2021,28
30/09/2021,PIONEER GENERAL INSURANCE LIMITED,400,856,1509,2765,514,12,0,2035,730,0.433996383,0,18.58951175,3,2021,30
30/09/2021,SAHAM INSURANCE COMPANY LIMITED,0,0,0,0,0,0,0,0,0,,,,3,2021,31
30/09/2021,SANLAM GENERAL INSURANCE COMPANY LIMITED,18941,17901,2611,39453,17980,6,103,20700,18753,0.015207969,0.261070134,45.5732137,3,2021,32
30/09/2021,TAKAFUL INSURANCE OF AFRICA LIMITED,10751,4033,0,14784,3611,0,0,3611,11173,0,0,24.42505411,3,2021,34
30/09/2021,TAUSI ASSURANCE COMPANY LIMITED,858,608,173,1639,461,0,180,814,825,0,10.98230628,28.12690665,3,2021,35
30/09/2021,THE KENYAN ALLIANCE INSURANCE COMPANY LIMITED,40417,47192,217,87826,39676,4,0,39897,47929,0.00455446,0,45.17568829,3,2021,37
30/09/2021,THE MONARCH INSURANCE COMPANY LIMITED,2522,644,656,3822,1211,49,176,2092,1730,1.282051282,4.604918891,31.68498168,3,2021,38
30/09/2021,TRIDENT INSURANCE COMPANY LIMITED,42444,3034,150,45628,3368,0,210,3728,41900,0,0.46024371,7.381432454,3,2021,39
30/09/2021,OLD MUTUAL GENERAL INSURANCE KENYA LIMITED,1909,1316,1545,4770,920,57,434,2956,1814,1.194968553,9.098532495,19.28721174,3,2021,27
30/09/2021,XPLICO INSURANCE COMPANY LIMITED,0,66,0,66,72,0,0,72,-6,0,0,100,3,2021,40
31/12/2021,AAR INSURANCE COMPANY LIMITED,23704,121496,0,145200,96279,58,3844,100181,45019,0.039944904,2.64738292,66.30785124,4,2021,0
31/12/2021,AFRICAN MERCHANT ASSURANCE COMPANY LIMITED,2545,199,75,2819,207,0,0,282,2537,0,0,7.343029443,4,2021,1
31/12/2021,AIG KENYA INSURANCE COMPANY LIMITED,1465,1196,805,3466,944,0,171,1920,1546,0,4.933641085,27.23600692,4,2021,2
31/12/2021,ALLIANZ INSURANCE COMPANY LIMITED,672,2639,145,3456,2635,0,16,2796,660,0,0.462962963,76.24421296,4,2021,3
31/12/2021,APA INSURANCE COMPANY LIMITED,3800,2636,4498,10934,2623,0,0,7121,3813,0,0,23.98939089,4,2021,4
31/12/2021,BRITAM GENERAL INSURANCE COMPANY (K) LTD,73682,128386,0,202068,96514,0,0,96514,105554,0,0,47.76312924,4,2021,5
31/12/2021,CIC GENERAL INSURANCE LIMITED,4349,2129,2359,8837,1973,0,0,4332,4505,0,0,22.32658142,4,2021,7
31/12/2021,CORPORATE INSURANCE COMPANY LIMITED,2575,675,0,3250,456,0,53,509,2741,0,1.630769231,14.03076923,4,2021,8
31/12/2021,DIRECTLINE ASSURANCE COMPANY LIMITED,351,207,0,558,93,0,0,93,465,0,0,16.66666667,4,2021,9
31/12/2021,FIDELITY SHIELD INSURANCE COMPANY LIMITED,3473,946,1287,5706,861,2,124,2274,3432,0.035050824,2.173151069,15.0893796,4,2021,10
31/12/2021,FIRST ASSURANCE COMPANY LIMITED,42106,49689,0,91795,44414,0,8762,53176,38619,0,9.545182199,48.38389891,4,2021,11
31/12/2021,GA INSURANCE LIMITED,4767,2964,593,8324,2735,109,52,3489,4835,1.309466603,0.624699664,32.85679962,4,2021,12
31/12/2021,GEMINIA INSURANCE COMPANY LIMITED,7783,2360,6571,16714,2836,0,2432,11839,4875,0,14.55067608,16.96781142,4,2021,13
31/12/2021,THE HERITAGE INSURANCE COMPANY LIMITED,5960,30861,8146,44967,28925,63,534,37668,7299,0.140102742,1.187537528,64.32494941,4,2021,36
31/12/2021,ICEA LION GENERAL INSURANCE COMPANY LIMITED,1615,2942,5929,10486,3206,10,103,9248,1238,0.095365249,0.982262064,30.5740988,4,2021,15
31/12/2021,INTRA AFRICA ASSURANCE COMPANY LIMITED,706,486,262,1454,398,0,6,666,788,0,0.412654746,27.37276479,4,2021,16
31/12/2021,INVESCO ASSURANCE COMPANY LIMITED,996,57,76,1129,72,0,0,148,981,0,0,6.377325066,4,2021,17
31/12/2021,JUBILEE GENERAL INSURANCE,2310,1631,2750,6691,1143,0,165,4058,2633,0,2.465999103,17.08264833,4,2021,19
31/12/2021,JUBILEE HEALTH INSURANCE LIMITED,569353,1330814,0,1900167,1734896,0,0,1734896,165271,0,0,91.3022908,4,2021,20
31/12/2021,KENINDIA ASSURANCE COMPANY LIMITED,5680,3567,266,9513,3301,0,1222,4789,4724,0,12.84557973,34.69988437,4,2021,21
31/12/2021,KENYA ORIENT INSURANCE LIMITED,8531,1213,624,10368,1111,42,54,1831,8537,0.405092593,0.520833333,10.71566358,4,2021,22
31/12/2021,MADISON GENERAL INSURANCE KENYA LIMITED,17053,92535,55,109643,82833,1082,0,83970,25673,0.986839105,0,75.5479146,4,2021,23
31/12/2021,MAYFAIR INSURANCE COMPANY LIMITED,494,257,0,751,201,0,10,211,540,0,1.331557923,26.76431425,4,2021,24
31/12/2021,CANNON GENERALINSURANCE COMPANY LIMITED,3597,1235,2044,6876,594,3,95,2736,4140,0.043630017,1.381617219,8.638743455,4,2021,6
31/12/2021,MUA INSURANCE(KENYA) LIMITED,13382,29819,0,43201,34512,509,54,35075,8126,1.178213467,0.124997107,79.88703965,4,2021,25
31/12/2021,OCCIDENTAL INSURANCE COMPANY LIMITED,2945,1686,0,4631,1283,0,204,1487,3144,0,4.405096092,27.70459944,4,2021,26
31/12/2021,PACIS INSURANCE COMPANY LIMITED,3285,835,906,5026,665,0,7,1578,3448,0,0.139275766,13.23119777,4,2021,28
31/12/2021,PIONEER GENERAL INSURANCE LIMITED,730,1069,992,2791,441,7,29,1469,1322,0.250806163,1.039054102,15.80078825,4,2021,30
31/12/2021,SAHAM INSURANCE COMPANY LIMITED,0,0,0,0,0,0,0,0,0,,,,4,2021,31
31/12/2021,SANLAM GENERAL INSURANCE COMPANY LIMITED,18753,24403,2332,45488,25711,11,163,28217,17271,0.024182202,0.358336265,56.52259937,4,2021,32
31/12/2021,TAKAFUL INSURANCE OF AFRICA LIMITED,11173,4161,1,15335,3626,0,103,3730,11605,0,0.671666123,23.64525595,4,2021,34
31/12/2021,TAUSI ASSURANCE COMPANY LIMITED,825,551,106,1482,412,0,30,548,934,0,2.024291498,27.80026991,4,2021,35
31/12/2021,THE KENYAN ALLIANCE INSURANCE COMPANY LIMITED,47929,42227,307,90463,24175,7,0,24489,65974,0.00773797,0,26.72363287,4,2021,37
31/12/2021,THE MONARCH INSURANCE COMPANY LIMITED,2022,545,1868,4435,794,63,33,2758,1677,1.420518602,0.744081172,17.90304397,4,2021,38
31/12/2021,TRIDENT INSURANCE COMPANY LIMITED,41905,2468,173,44546,4529,0,19,4721,39825,0,0.042652539,10.16701836,4,2021,39
31/12/2021,OLD MUTUAL GENERAL INSURANCE KENYA LIMITED,1814,2019,1444,5277,527,37,1154,3162,2115,0.70115596,21.86848588,9.986734887,4,2021,27
31/12/2021,XPLICO INSURANCE COMPANY LIMITED,2857,114,30,3001,108,12,0,150,2851,0.399866711,0,3.5988004,4,2021,40
30/09/2022,AAR INSURANCE COMPANY LIMITED,46861,131793,0,178654,141402,82,5233,146717,31937,0.045898776,2.929125572,79.14852172,3,2022,0
30/09/2022,AFRICAN MERCHANT ASSURANCE COMPANY LIMITED,0,0,0,0,0,0,0,0,0,,,,3,2022,1
30/09/2022,AIG KENYA INSURANCE COMPANY LIMITED,1454,1318,145,2917,1293,13,102,1553,1364,0.445663353,3.496743229,44.3263627,3,2022,2
30/09/2022,ALLIANZ INSURANCE COMPANY LIMITED,0,0,0,0,0,0,0,0,0,,,,3,2022,3
30/09/2022,APA INSURANCE COMPANY LIMITED,4052,3010,4023,11085,3113,0,0,7136,3949,0,0,28.08299504,3,2022,4
30/09/2022,BRITAM GENERAL INSURANCE COMPANY (K) LTD,135594,101353,0,236947,79984,0,0,79984,156963,0,0,33.75607203,3,2022,5
30/09/2022,CIC GENERAL INSURANCE LIMITED,3640,1729,1629,6998,2897,0,0,4526,2472,0,0,41.39754215,3,2022,7
30/09/2022,CORPORATE INSURANCE COMPANY LIMITED,0,0,0,0,0,0,0,0,0,,,,3,2022,8
30/09/2022,DIRECTLINE ASSURANCE COMPANY LIMITED,726,434,0,1160,201,0,0,201,959,0,0,17.32758621,3,2022,9
30/09/2022,FIDELITY SHIELD INSURANCE COMPANY LIMITED,4057,1617,1189,6863,1537,1,52,2779,4084,0.014570887,0.757686143,22.39545388,3,2022,10
30/09/2022,FIRST ASSURANCE COMPANY LIMITED,0,0,0,0,0,0,0,0,0,,,,3,2022,11
30/09/2022,GA INSURANCE LIMITED,4924,2827,670,8421,3115,34,0,3819,4602,0.403752523,0,36.99085619,3,2022,12
30/09/2022,GEMINIA INSURANCE COMPANY LIMITED,6192,1948,3596,11736,2095,0,303,5994,5742,0,2.581799591,17.85105658,3,2022,13
30/09/2022,THE HERITAGE INSURANCE COMPANY LIMITED,6978,31525,7780,46283,31612,28,21,39441,6842,0.060497375,0.045373031,68.3015362,3,2022,36
30/09/2022,ICEA LION GENERAL INSURANCE COMPANY LIMITED,2118,3566,2237,7921,2523,17,40,4817,3104,0.214619366,0.504986744,31.85203888,3,2022,15
30/09/2022,INTRA AFRICA ASSURANCE COMPANY LIMITED,1204,691,150,2045,750,0,34,934,1111,0,1.662591687,36.67481663,3,2022,16
30/09/2022,INVESCO ASSURANCE COMPANY LIMITED,0,0,0,0,0,0,0,0,0,,,,3,2022,17
30/09/2022,JUBILEE GENERAL INSURANCE,3422,2279,817,6518,1207,0,113,2137,4381,0,1.733660632,18.51795029,3,2022,19
30/09/2022,JUBILEE HEALTH INSURANCE LIMITED,79453,1201959,0,1281412,1196921,0,0,1196921,84491,0,0,93.40641417,3,2022,20
30/09/2022,KENINDIA ASSURANCE COMPANY LIMITED,5198,3037,208,8443,2596,0,159,2963,5480,0,1.883216866,30.74736468,3,2022,21
30/09/2022,KENYA ORIENT INSURANCE LIMITED,9703,2400,1081,13184,1449,33,16,2579,10605,0.250303398,0.121359223,10.99059466,3,2022,22
30/09/2022,MADISON GENERAL INSURANCE KENYA LIMITED,33297,112815,260,146372,120975,0,0,121235,25137,0,0,82.64900391,3,2022,23
30/09/2022,MAYFAIR INSURANCE COMPANY LIMITED,830,363,0,1193,304,10,57,371,822,0.838222967,4.777870914,25.48197821,3,2022,24
30/09/2022,CANNON GENERALINSURANCE COMPANY LIMITED,4493,1943,1374,7810,1117,13,167,2671,5139,0.166453265,2.138284251,14.3021767,3,2022,6
30/09/2022,MUA INSURANCE(KENYA) LIMITED,7597,36693,0,44290,34928,1432,9,36369,7921,3.233235493,0.020320614,78.86204561,3,2022,25
30/09/2022,OCCIDENTAL INSURANCE COMPANY LIMITED,4013,1183,0,5196,1228,0,122,1350,3846,0,2.347959969,23.63356428,3,2022,26
30/09/2022,OLD MUTUAL GENERAL INSURANCE KENYA LIMITED,1474,1384,1098,3956,391,23,869,2381,1575,0.581395349,21.96663296,9.88372093,3,2022,27
30/09/2022,PACIS INSURANCE COMPANY LIMITED,3906,1035,1126,6067,1470,12,426,3034,3033,0.19779133,7.02159222,24.22943794,3,2022,28
30/09/2022,PIONEER GENERAL INSURANCE LIMITED,1250,817,2025,4092,1023,22,324,3394,698,0.537634409,7.917888563,25,3,2022,30
30/09/2022,SANLAM GENERAL INSURANCE COMPANY LIMITED,17890,6926,1590,26406,12779,7,112,14488,11918,0.026509127,0.424146027,48.39430432,3,2022,32
30/09/2022,STAR DISCOVER INSURANCE LIMITED,0,0,0,0,0,0,0,0,0,,,,3,2022,33
30/09/2022,TAKAFUL INSURANCE OF AFRICA LIMITED,11709,1028,3,12740,7850,0,3357,11210,1530,0,26.35007849,61.61695447,3,2022,34
30/09/2022,TAUSI ASSURANCE COMPANY LIMITED,791,626,120,1537,493,23,34,670,867,1.496421601,2.212101496,32.0754717,3,2022,35
30/09/2022,THE KENYAN ALLIANCE INSURANCE COMPANY LIMITED,71282,34535,0,105817,28822,7,0,28829,76988,0.006615194,0,27.23758942,3,2022,37
30/09/2022,THE MONARCH INSURANCE COMPANY LIMITED,789,451,972,2212,623,37,52,1684,528,1.672694394,2.350813743,28.16455696,3,2022,38
30/09/2022,TRIDENT INSURANCE COMPANY LIMITED,0,0,0,0,0,0,0,0,0,,,,3,2022,39
30/09/2022,XPLICO INSURANCE COMPANY LIMITED,0,0,0,0,0,0,0,0,0,,,,3,2022,40
31/12/2022,AAR INSURANCE COMPANY LIMITED,31937,125094,0,157031,101028,84,6209,107321,49710,0.053492622,3.953996345,64.33634123,4,2022,0
31/12/2022,AFRICAN MERCHANT ASSURANCE COMPANY LIMITED,0,0,0,0,0,0,0,0,0,,,,4,2022,1
31/12/2022,ALLIANZ INSURANCE COMPANY LIMITED,1364,1379,341,3084,1285,9,149,1784,1300,0.291828794,4.831387808,41.66666667,4,2022,3
31/12/2022,APA INSURANCE COMPANY LIMITED,3949,3081,5548,12578,3028,0,0,8576,4002,0,0,24.07377962,4,2022,4
31/12/2022,BRITAM GENERAL INSURANCE COMPANY (K) LTD,156963,99070,0,256033,66432,0,0,66432,189601,0,0,25.94665531,4,2022,5
31/12/2022,CIC GENERAL INSURANCE LIMITED,2472,2088,1629,6189,2876,0,0,4505,1684,0,0,46.46954274,4,2022,7
31/12/2022,CORPORATE INSURANCE COMPANY LIMITED,2859,209,0,3068,180,0,2,182,2886,0,0.065189048,5.867014342,4,2022,8
31/12/2022,DIRECTLINE ASSURANCE COMPANY LIMITED,959,359,0,1318,259,0,0,259,1059,0,0,19.65098634,4,2022,9
31/12/2022,FIDELITY SHIELD INSURANCE COMPANY LIMITED,4084,1364,1121,6569,1300,6,117,2544,4025,0.091338103,1.781093013,19.78992236,4,2022,10
31/12/2022,FIRST ASSURANCE COMPANY LIMITED,34985,54707,0,89692,44940,0,6901,51841,37851,0,7.694108728,50.1048031,4,2022,11
31/12/2022,GA INSURANCE LIMITED,4602,2842,517,7961,2737,35,0,3289,4672,0.439643261,0,34.380103,4,2022,12
31/12/2022,GEMINIA INSURANCE COMPANY LIMITED,5742,1800,6573,14115,3404,0,553,10530,3585,0,3.917817924,24.11618845,4,2022,13
31/12/2022,THE HERITAGE INSURANCE COMPANY LIMITED,6842,33390,5534,45766,35529,18,36,41117,4649,0.039330507,0.078661015,77.63186645,4,2022,36
31/12/2022,ICEA LION GENERAL INSURANCE COMPANY LIMITED,3104,3317,2173,8594,1985,19,43,4220,4374,0.221084478,0.500349081,23.09750989,4,2022,15
31/12/2022,INTRA AFRICA ASSURANCE COMPANY LIMITED,1111,788,201,2100,668,1,12,882,1218,0.047619048,0.571428571,31.80952381,4,2022,16
31/12/2022,INVESCO ASSURANCE COMPANY LIMITED,1280,73,94,1447,105,0,0,199,1248,0,0,7.256392536,4,2022,17
31/12/2022,JUBILEE GENERAL INSURANCE,4381,1200,1496,7077,1686,0,437,3619,3458,0,6.174932881,23.82365409,4,2022,19
31/12/2022,JUBILEE HEALTH INSURANCE LIMITED,149107,1442493,0,1591600,1294247,0,0,1294247,297353,0,0,81.31735361,4,2022,20
31/12/2022,KENINDIA ASSURANCE COMPANY LIMITED,5480,4351,226,10057,2773,0,2084,5083,4974,0,20.72188525,27.57283484,4,2022,21
31/12/2022,KENYA ORIENT INSURANCE LIMITED,10605,1788,816,13209,1443,27,18,2304,10905,0.204406087,0.136270725,10.92436975,4,2022,22
31/12/2022,MADISON GENERAL INSURANCE KENYA LIMITED,25137,80240,570,105947,77932,0,0,78502,27445,0,0,73.55753348,4,2022,23
31/12/2022,MAYFAIR INSURANCE COMPANY LIMITED,822,444,0,1266,308,8,0,316,950,0.631911532,0,24.328594,4,2022,24
31/12/2022,CANNON GENERALINSURANCE COMPANY LIMITED,5139,634,2724,8497,668,8,1391,4791,3706,0.094150877,16.3704837,7.861598211,4,2022,6
31/12/2022,MUA INSURANCE(KENYA) LIMITED,7921,32378,236,40535,25128,2447,2460,30271,10264,6.036758357,6.068829407,61.99087209,4,2022,25
31/12/2022,OCCIDENTAL INSURANCE COMPANY LIMITED,3846,1187,0,5033,1776,26,1,1803,3230,0.516590503,0.019868865,35.28710511,4,2022,26
31/12/2022,OLD MUTUAL GENERAL INSURANCE KENYA LIMITED,1575,1495,1087,4157,454,16,1109,2666,1491,0.384892952,26.67789271,10.9213375,4,2022,27
31/12/2022,PACIS INSURANCE COMPANY LIMITED,3033,1093,1159,5285,1417,0,245,2821,2464,0,4.635761589,26.81173132,4,2022,28
31/12/2022,PIONEER GENERAL INSURANCE LIMITED,700,809,1591,3100,915,22,0,2528,572,0.709677419,0,29.51612903,4,2022,30
31/12/2022,SANLAM GENERAL INSURANCE COMPANY LIMITED,11918,1507,1556,14981,3041,3,548,5148,9833,0.020025365,3.657966758,20.29904546,4,2022,32
31/12/2022,STAR DISCOVER INSURANCE LIMITED,0,0,0,0,0,0,0,0,0,,,,4,2022,33
31/12/2022,TAKAFUL INSURANCE OF AFRICA LIMITED,1530,361,0,1891,1160,0,0,1160,731,0,0,61.34320465,4,2022,34
31/12/2022,TAUSI ASSURANCE COMPANY LIMITED,867,595,120,1582,372,0,64,556,1026,0,4.04551201,23.51453856,4,2022,35
31/12/2022,THE KENYAN ALLIANCE INSURANCE COMPANY LIMITED,76988,17035,0,94023,29694,3614,0,33308,60715,3.843740361,0,31.58163428,4,2022,37
31/12/2022,THE MONARCH INSURANCE COMPANY LIMITED,528,558,851,1937,466,22,30,1369,568,1.135776975,1.548786784,24.05782137,4,2022,38
31/12/2022,TRIDENT INSURANCE COMPANY LIMITED,43057,6748,635,50440,5487,0,1164,7286,43154,0,2.307692308,10.87827121,4,2022,39
31/12/2022,XPLICO INSURANCE COMPANY LIMITED,0,0,0,0,0,0,0,0,0,,,,4,2022,40
31/03/2023,AAR INSURANCE COMPANY LIMITED,49711,145845,0,195556,123946,74,5486,129506,66050,0.037840823,2.805334533,63.38133322,1,2023,0
31/03/2023,AFRICAN MERCHANT ASSURANCE COMPANY LIMITED,0,0,0,0,0,0,0,0,0,,,,1,2023,1
31/03/2023,ALLIANZ INSURANCE COMPANY LIMITED,1300,1094,229,2623,1084,15,184,1512,1111,0.571864278,7.014868471,41.32672512,1,2023,3
31/03/2023,APA INSURANCE COMPANY LIMITED,4002,3219,6290,13511,3182,0,0,9472,4039,0,0,23.55118052,1,2023,4
31/03/2023,BRITAM GENERAL INSURANCE COMPANY (K) LTD,189601,94762,0,284363,70767,0,0,70767,213596,0,0,24.88614904,1,2023,5
31/03/2023,CANNON GENERALINSURANCE COMPANY LIMITED,3706,648,1689,6043,2771,12,318,4790,1253,0.198576866,5.262286944,45.85470793,1,2023,6
31/03/2023,CIC GENERAL INSURANCE LIMITED,1684,2447,1461,5592,2300,0,0,3761,1831,0,0,41.13018598,1,2023,7
31/03/2023,CORPORATE INSURANCE COMPANY LIMITED,2886,360,0,3246,373,0,1,374,2872,0,0.030807147,11.49106593,1,2023,8
31/03/2023,DIRECTLINE ASSURANCE COMPANY LIMITED,1059,728,0,1787,324,0,0,324,1463,0,0,18.13094572,1,2023,9
31/03/2023,FIDELITY SHIELD INSURANCE COMPANY LIMITED,4025,2024,1186,7235,1446,2,51,2685,4550,0.0276434,0.704906704,19.9861783,1,2023,10
31/03/2023,FIRST ASSURANCE COMPANY LIMITED,37851,58203,0,96054,49932,0,6312,56244,39810,0,6.571303642,51.98325942,1,2023,11
31/03/2023,GA INSURANCE LIMITED,4672,3106,1746,9524,3647,33,0,5426,4098,0.34649307,0,38.29273415,1,2023,12
31/03/2023,GEMINIA INSURANCE COMPANY LIMITED,3585,1888,3419,8892,1315,0,87,4821,4071,0,0.978407557,14.788574,1,2023,13
31/03/2023,HEALTHIER (K) MICRO INSURANCE,0,0,0,0,0,0,0,0,0,,,,1,2023,14
31/03/2023,THE HERITAGE INSURANCE COMPANY LIMITED,4649,37972,1142,43763,36401,44,48,37635,6128,0.100541553,0.109681695,83.17757009,1,2023,36
31/03/2023,ICEA LION GENERAL INSURANCE COMPANY LIMITED,4374,3283,2249,9906,2148,11,32,4440,5466,0.111043812,0.323036544,21.68382798,1,2023,15
31/03/2023,INTRA AFRICA ASSURANCE COMPANY LIMITED,1218,827,122,2167,986,0,0,1108,1059,0,0,45.5006922,1,2023,16
31/03/2023,INVESCO ASSURANCE COMPANY LIMITED,1248,63,102,1413,80,0,0,182,1231,0,0,5.661712668,1,2023,17
31/03/2023,JUBILEE GENERAL INSURANCE,3452,1393,536,5381,1426,0,402,2364,3017,0,7.470730348,26.50065044,1,2023,19
31/03/2023,JUBILEE HEALTH INSURANCE LIMITED,297353,1251365,0,1548718,1129557,0,0,1129557,419161,0,0,72.93496944,1,2023,20
31/03/2023,KENINDIA ASSURANCE COMPANY LIMITED,4974,2741,175,7890,2417,0,169,2761,5129,0,2.141951838,30.63371356,1,2023,21
31/03/2023,KENYA ORIENT INSURANCE LIMITED,10905,1508,413,12826,1375,26,11,1825,11001,0.202713239,0.085763293,10.72041166,1,2023,22
31/03/2023,MADISON GENERAL INSURANCE KENYA LIMITED,27445,86571,3768,117784,110260,0,0,114028,3756,0,0,93.61203559,1,2023,23
31/03/2023,MAYFAIR INSURANCE COMPANY LIMITED,1003,434,2,1439,507,6,0,515,924,0.41695622,0,35.23280056,1,2023,24
31/03/2023,MUA INSURANCE(KENYA) LIMITED,10264,15045,861,26170,12931,1563,33,15388,10782,5.972487581,0.126098586,49.41153993,1,2023,25
31/03/2023,OCCIDENTAL INSURANCE COMPANY LIMITED,3230,2108,3,5341,1605,0,4,1612,3729,0,0.074892342,30.05055233,1,2023,26
31/03/2023,OLD MUTUAL GENERAL INSURANCE KENYA LIMITED,1491,1187,1047,3725,368,33,966,2414,1311,0.88590604,25.93288591,9.879194631,1,2023,27
31/03/2023,PACIS INSURANCE COMPANY LIMITED,2464,1332,716,4512,1350,2,8,2076,2436,0.044326241,0.177304965,29.92021277,1,2023,28
31/03/2023,PIONEER GENERAL INSURANCE LIMITED,574,987,1916,3477,1011,32,0,2959,518,0.920333621,0,29.07679034,1,2023,30
31/03/2023,SANLAM GENERAL INSURANCE COMPANY LIMITED,9833,2349,861,13043,6595,5,575,8036,5007,0.038334739,4.408494978,50.56352066,1,2023,32
31/03/2023,STAR DISCOVER INSURANCE LIMITED,0,0,0,0,0,0,0,0,0,,,,1,2023,33
31/03/2023,TAKAFUL INSURANCE OF AFRICA LIMITED,731,302,0,1033,561,8,0,569,464,0.774443369,0,54.30784124,1,2023,34
31/03/2023,TAUSI ASSURANCE COMPANY LIMITED,1027,708,156,1891,634,0,63,853,1038,0,3.331570598,33.52723427,1,2023,35
31/03/2023,THE KENYAN ALLIANCE INSURANCE COMPANY LIMITED,60715,20805,0,81520,19592,664,0,20256,61264,0.814524043,0,24.03336605,1,2023,37
31/03/2023,THE MONARCH INSURANCE COMPANY LIMITED,568,709,631,1908,623,26,21,1301,607,1.362683438,1.100628931,32.65199161,1,2023,38
31/03/2023,TRIDENT INSURANCE COMPANY LIMITED,43154,7548,392,51094,8813,0,1251,10456,40638,0,2.448428387,17.24860062,1,2023,39
31/03/2023,XPLICO INSURANCE COMPANY LIMITED,0,0,0,0,0,0,0,0,0,,,,1,2023,40
30/06/2023,AAR INSURANCE COMPANY LIMITED,66052,143134,0,209186,128530,69,4620,133219,75967,0.032984999,2.208560802,61.44292639,2,2023,0
30/06/2023,AFRICAN MERCHANT ASSURANCE COMPANY LIMITED,2297,264,123,2684,423,0,0,546,2138,0,0,15.76005961,2,2023,1
30/06/2023,ALLIANZ INSURANCE COMPANY LIMITED,1111,1252,246,2609,1020,19,119,1404,1205,0.728248371,4.561134534,39.09543887,2,2023,3
30/06/2023,APA INSURANCE COMPANY LIMITED,4039,2845,4506,11390,2904,0,0,7410,3980,0,0,25.49604917,2,2023,4
30/06/2023,BRITAM GENERAL INSURANCE COMPANY (K) LTD,213597,115112,0,328709,101288,0,0,101288,227421,0,0,30.81388097,2,2023,5
30/06/2023,CANNON GENERALINSURANCE COMPANY LIMITED,1253,563,1735,3551,658,5,123,2521,1030,0.140805407,3.46381301,18.52999155,2,2023,6
30/06/2023,CIC GENERAL INSURANCE LIMITED,1831,2257,1369,5457,2271,0,0,3640,1817,0,0,41.61627268,2,2023,7
30/06/2023,CORPORATE INSURANCE COMPANY LIMITED,2872,331,0,3203,520,0,0,520,2683,0,0,16.23477989,2,2023,8
30/06/2023,DIRECTLINE ASSURANCE COMPANY LIMITED,1463,488,0,1951,295,0,0,295,1656,0,0,15.12045105,2,2023,9
30/06/2023,FIDELITY SHIELD INSURANCE COMPANY LIMITED,4550,1638,1204,7392,1809,6,268,3287,4105,0.081168831,3.625541126,24.4724026,2,2023,10
30/06/2023,FIRST ASSURANCE COMPANY LIMITED,39810,88542,0,128352,76782,0,4849,81631,46721,0,3.777892047,59.82142857,2,2023,11
30/06/2023,GA INSURANCE LIMITED,4098,2908,821,7827,3407,33,0,4261,3566,0.421617478,0,43.52881053,2,2023,12
30/06/2023,GEMINIA INSURANCE COMPANY LIMITED,4071,1897,2933,8901,1445,0,93,4471,4430,0,1.044826424,16.234131,2,2023,13
30/06/2023,HEALTHIER (K) MICRO INSURANCE,0,0,0,0,0,0,0,0,0,,,,2,2023,14
30/06/2023,THE HERITAGE INSURANCE COMPANY LIMITED,6128,40790,1609,48527,41552,36,40,43237,5290,0.074185505,0.082428339,85.62655841,2,2023,36
30/06/2023,ICEA LION GENERAL INSURANCE COMPANY LIMITED,5466,3197,2109,10772,2501,16,32,4658,6114,0.148533234,0.297066469,23.21760119,2,2023,15
30/06/2023,INTRA AFRICA ASSURANCE COMPANY LIMITED,1059,825,188,2072,844,0,1,1033,1039,0,0.048262548,40.73359073,2,2023,16
30/06/2023,INVESCO ASSURANCE COMPANY LIMITED,1231,55,59,1345,48,0,0,107,1238,0,0,3.568773234,2,2023,17
30/06/2023,JUBILEE GENERAL INSURANCE,2842,1776,355,4973,1424,0,35,1814,3159,0,0.703800523,28.63462699,2,2023,19
30/06/2023,JUBILEE HEALTH INSURANCE LIMITED,419161,1376730,0,1795891,1456732,0,0,1456732,339159,0,0,81.11472244,2,2023,20
30/06/2023,KENINDIA ASSURANCE COMPANY LIMITED,5129,2837,169,8135,2933,0,354,3456,4679,0,4.351567302,36.05408728,2,2023,21
30/06/2023,KENYA ORIENT INSURANCE LIMITED,11001,1136,242,12379,1155,24,37,1458,10921,0.193876727,0.298893287,9.330317473,2,2023,22
30/06/2023,MADISON GENERAL INSURANCE KENYA LIMITED,3756,68019,3114,74889,59044,0,0,62158,12731,0,0,78.84201952,2,2023,23
30/06/2023,MAYFAIR INSURANCE COMPANY LIMITED,924,619,0,1543,584,5,0,589,954,0.32404407,0,37.84834738,2,2023,24
30/06/2023,MUA INSURANCE(KENYA) LIMITED,10782,14994,904,26680,14035,1655,14,16608,10072,6.203148426,0.052473763,52.60494753,2,2023,25
30/06/2023,OCCIDENTAL INSURANCE COMPANY LIMITED,3729,1883,0,5612,2009,0,17,2026,3586,0,0.302922309,35.79828938,2,2023,26
30/06/2023,OLD MUTUAL GENERAL INSURANCE KENYA LIMITED,1311,1155,1184,3650,292,31,740,2247,1403,0.849315068,20.2739726,8,2,2023,27
30/06/2023,PACIS INSURANCE COMPANY LIMITED,2436,1299,642,4377,1195,1,20,1858,2519,0.022846699,0.456933973,27.30180489,2,2023,28
30/06/2023,PIONEER GENERAL INSURANCE LIMITED,519,802,1976,3297,841,25,0,2842,455,0.758265089,0,25.50803761,2,2023,30
30/06/2023,SANLAM GENERAL INSURANCE COMPANY LIMITED,5007,846,674,6527,2398,3,237,3312,3215,0.045962923,3.631070936,36.73969664,2,2023,32
30/06/2023,STAR DISCOVER INSURANCE LIMITED,0,0,0,0,0,0,0,0,0,,,,2,2023,33
30/06/2023,TAKAFUL INSURANCE OF AFRICA LIMITED,464,258,17,739,308,2,9,336,403,0.270635995,1.217861976,41.67794317,2,2023,34
30/06/2023,TAUSI ASSURANCE COMPANY LIMITED,1038,835,155,2028,693,0,97,945,1083,0,4.783037475,34.17159763,2,2023,35
30/06/2023,THE KENYAN ALLIANCE INSURANCE COMPANY LIMITED,61264,17165,0,78429,15838,457,0,16295,62134,0.582692626,0,20.19406087,2,2023,37
30/06/2023,THE MONARCH INSURANCE COMPANY LIMITED,607,5146,2879.208,8632.208,251,20,356,3506.208,5126,0.231690432,4.124089688,2.907714921,2,2023,38
30/06/2023,TRIDENT INSURANCE COMPANY LIMITED,40652,13056,826,54534,8878,0,2277,11981,42553,0,4.175376829,16.27975208,2,2023,39
30/06/2023,XPLICO INSURANCE COMPANY LIMITED,2604,106,0,2710,127,0,0,127,2583,0,0,4.686346863,2,2023,40
30/09/2023,AAR INSURANCE COMPANY LIMITED,75971,103686,,,97078,69,3149,,,,,,3,2023,0
30/09/2023,AFRICAN MERCHANT ASSURANCE COMPANY LIMITED,2138,267,89,2494,517,,,,,,,20.7297514,3,2023,1
30/09/2023,AIG KENYA INSURANCE COMPANY LIMITED,1205,1350,195,2750,1221,9,109,1534,1216,0.327272727,3.963636364,44.4,3,2023,2
30/09/2023,APA INSURANCE COMPANY LIMITED,3980,3029,5281,12290,3094,,,,,,,25.17493897,3,2023,4
30/09/2023,BRITAM GENERAL INSURANCE COMPANY (K) LTD,227420,106754,,,107001,,,,,,,,3,2023,5
30/09/2023,CANNON GENERALINSURANCE COMPANY LIMITED,1030,583,1756,3369,457,13,314,2540,829,0.385871178,9.320273078,13.56485604,3,2023,6
30/09/2023,CIC GENERAL INSURANCE LIMITED,1817,2597,1111,5525,1895,,,,,,,34.29864253,3,2023,7
30/09/2023,CORPORATE INSURANCE COMPANY LIMITED,2683,290,8,2981,252,,23,,,,0.77155317,8.453539081,3,2023,8
30/09/2023,DIRECTLINE ASSURANCE COMPANY LIMITED,1656,534,,,542,,,,,,,,3,2023,9
30/09/2023,FIDELITY SHIELD INSURANCE COMPANY LIMITED,4105,1728,1154,6987,1542,15,44,2755,4232,0.214684414,0.629740947,22.06955775,3,2023,10
30/09/2023,FIRST ASSURANCE COMPANY LIMITED,46721,55660,,,69556,,866,,,,,,3,2023,11
30/09/2023,GA INSURANCE LIMITED,3566,3334,727,7627,3581,30,,,,0.393339452,,46.95161925,3,2023,12
30/09/2023,GEMINIA INSURANCE COMPANY LIMITED,4430,1988,3969,10387,1857,,501,,,,4.823336863,17.87811688,3,2023,13
30/09/2023,THE HERITAGE INSURANCE COMPANY LIMITED,5290,38542,1560,45392,38418,28,66,40072,5320,0.061684878,0.14540007,84.63605922,3,2023,36
30/09/2023,ICEA LION GENERAL INSURANCE COMPANY LIMITED,6114,3688,1940,11742,3058,14,52,5064,6678,0.119230114,0.44285471,26.0432635,3,2023,15
30/09/2023,INTRA AFRICA ASSURANCE COMPANY LIMITED,1039,1184,237,2460,1193,,6,,,,0.243902439,48.49593496,3,2023,16
30/09/2023,INVESCO ASSURANCE COMPANY LIMITED,1238,66,100,1404,61,,,,,,,4.344729345,3,2023,17
30/09/2023,JUBILEE ALLIANZ GENERAL INSURANCE LIMITED,3158,2976,,,1442,,1073,,,,,,3,2023,18
30/09/2023,JUBILEE HEALTH INSURANCE LIMITED,339159,1671563,,,1501501,,,,,,,,3,2023,20
30/09/2023,KENINDIA ASSURANCE COMPANY LIMITED,4679,2168,298,7145,2400,,129,,,,1.805458362,33.58992302,3,2023,21
30/09/2023,KENYA ORIENT INSURANCE LIMITED,10921,1148,430,12499,1031,26,9,1496,11003,0.208016641,0.07200576,8.248659893,3,2023,22
30/09/2023,MADISON GENERAL INSURANCE KENYA LIMITED,12731,77253,1796,91780,63416,,,,,,,69.09566354,3,2023,23
30/09/2023,MAYFAIR INSURANCE COMPANY LIMITED,954,522,,,393,7,25,,,,,,3,2023,24
30/09/2023,MUA INSURANCE(KENYA) LIMITED,10072,17787,648,28507,15865,2373,27,18913,9594,8.324271232,0.094713579,55.65299751,3,2023,25
30/09/2023,OCCIDENTAL INSURANCE COMPANY LIMITED,3586,1955,22,5563,1621,7,3,1653,3910,0.125831386,0.053927737,29.1389538,3,2023,26
30/09/2023,OLD MUTUAL GENERAL INSURANCE KENYA LIMITED,1403,1153,884,3440,394,32,542,1852,1588,0.930232558,15.75581395,11.45348837,3,2023,27
30/09/2023,PACIS INSURANCE COMPANY LIMITED,2519,8041,1083,11643,5785,92,75,7035,4608,0.790174354,0.644163875,49.68650691,3,2023,28
30/09/2023,PIONEER GENERAL INSURANCE LIMITED,458,898,1746,3102,759,16,,,,0.51579626,,24.46808511,3,2023,30
30/09/2023,SANLAM GENERAL INSURANCE COMPANY LIMITED,3215,1216,1094,5525,1468,4,139,2705,2820,0.07239819,2.515837104,26.57013575,3,2023,32
30/09/2023,STAR DISCOVER INSURANCE LIMITED,,13449,1,,11988,551,,,,,,,3,2023,33
30/09/2023,STAR DISCOVER INSURANCE LIMITED,,798,,,1161,329,,,,,,,3,2023,33
30/09/2023,TAKAFUL INSURANCE OF AFRICA LIMITED,403,320,17,740,81,5,21,124,616,0.675675676,2.837837838,10.94594595,3,2023,34
30/09/2023,TAUSI ASSURANCE COMPANY LIMITED,1083,691,160,1934,515,,93,,,,4.80868666,26.62874871,3,2023,35
30/09/2023,THE KENYAN ALLIANCE INSURANCE COMPANY LIMITED,62134,11157,49,73340,37219,614,,,,0.837196618,,50.74856831,3,2023,37
30/09/2023,THE MONARCH INSURANCE COMPANY LIMITED,5158,937,771,6866,173,2,640,1586,5280,0.029129042,9.321293329,2.519662103,3,2023,38
30/09/2023,TRIDENT INSURANCE COMPANY LIMITED,,,,,,,,,,,,,3,2023,39
30/09/2023,XPLICO INSURANCE COMPANY LIMITED,,,,,,,,,,,,,3,2023,40
31/12/2023,AAR INSURANCE COMPANY LIMITED,122781,118021,,,134682,77,6181,,,,,,4,2023,0
31/12/2023,AFRICAN MERCHANT ASSURANCE COMPANY LIMITED,1888,266,105,2259,462,,,,,,,20.45152722,4,2023,1
31/12/2023,AIG KENYA INSURANCE COMPANY LIMITED,1216,1452,186,2854,822,1,70,1079,1775,0.035038542,2.452697968,28.80168185,4,2023,2
31/12/2023,APA INSURANCE COMPANY LIMITED,3915,3163,6090,13168,3431,,,,,,,26.05558931,4,2023,4
31/12/2023,BRITAM GENERAL INSURANCE COMPANY (K) LTD,227174,125492,,,96744,,,,,,,,4,2023,5
31/12/2023,CANNON GENERALINSURANCE COMPANY LIMITED,829,587,1324,2740,457,6,44,1831,909,0.218978102,1.605839416,16.67883212,4,2023,6
31/12/2023,CIC GENERAL INSURANCE LIMITED,2519,3185,1035,6739,2501,,,,,,,37.11233121,4,2023,7
31/12/2023,CORPORATE INSURANCE COMPANY LIMITED,2698,122,,,110,,274,,,,,,4,2023,8
31/12/2023,DIRECTLINE ASSURANCE COMPANY LIMITED,1648,387,,,754,,,,,,,,4,2023,9
31/12/2023,FIDELITY SHIELD INSURANCE COMPANY LIMITED,4232,1534,1045,6811,1402,9,190,2646,4165,0.132139187,2.789605051,20.58434885,4,2023,10
31/12/2023,FIRST ASSURANCE COMPANY LIMITED,31959,40237,544,72740,37255,140,449,38388,34352,0.192466318,0.617266978,51.21666208,4,2023,11
31/12/2023,GA INSURANCE LIMITED,3289,3158,1126,7573,3109,38,,,,0.501782649,,41.05374356,4,2023,12
31/12/2023,GEMINIA INSURANCE COMPANY LIMITED,4060,2009,4901,10970,2928,,1437,,,,13.0993619,26.69097539,4,2023,13
31/12/2023,THE HERITAGE INSURANCE COMPANY LIMITED,5320,42794,1303,49417,39656,57,42,41058,8359,0.115344922,0.084990995,80.24768804,4,2023,36
31/12/2023,ICEA LION GENERAL INSURANCE COMPANY LIMITED,6678,4022,2087,12787,3071,15,77,5250,7537,0.11730664,0.602174083,24.01657934,4,2023,15
31/12/2023,INTRA AFRICA ASSURANCE COMPANY LIMITED,1024,1401,1195,3620,1460,1,1,2657,963,0.027624309,0.027624309,40.33149171,4,2023,16
31/12/2023,INVESCO ASSURANCE COMPANY LIMITED,1243,55,53,1351,32,,,,,,,2.36861584,4,2023,17
31/12/2023,JUBILEE ALLIANZ GENERAL INSURANCE LIMITED,3617,1629,,,1603,,642,,,,,,4,2023,18
31/12/2023,JUBILEE HEALTH INSURANCE LIMITED,509221,1549517,,,1403078,,,,,,,,4,2023,20
31/12/2023,KENINDIA ASSURANCE COMPANY LIMITED,4318,2195,242,6755,1967,,1001,,,,14.81865285,29.11917098,4,2023,21
31/12/2023,KENYA ORIENT INSURANCE LIMITED,11003,2470,4264,17737,731,16,4299,9310,8427,0.090206912,24.2374697,4.121328297,4,2023,22
31/12/2023,MADISON GENERAL INSURANCE KENYA LIMITED,26568,63817,2715,93100,66520,,,,,,,71.45005371,4,2023,23
31/12/2023,MAYFAIR INSURANCE COMPANY LIMITED,1051,420,,,325,5,31,,,,,,4,2023,24
31/12/2023,MUA INSURANCE(KENYA) LIMITED,9593,15146,448,25187,13212,1435,47,15142,10045,5.697383571,0.186604201,52.45563187,4,2023,25
31/12/2023,OCCIDENTAL INSURANCE COMPANY LIMITED,3910,1525,,,2029,,2,,,,,,4,2023,26
31/12/2023,OLD MUTUAL GENERAL INSURANCE KENYA LIMITED,1587,1373,1106,4066,437,39,731,2313,1753,0.959173635,17.97835711,10.74766355,4,2023,27
31/12/2023,PACIS INSURANCE COMPANY LIMITED,4608,18716,867,24191,13729,422,38,15056,9135,1.744450415,0.157083213,56.75251126,4,2023,28
31/12/2023,PIONEER GENERAL INSURANCE LIMITED,584,848,2041,3473,561,15,,,,0.431903254,,16.15318169,4,2023,30
31/12/2023,SANLAM GENERAL INSURANCE COMPANY LIMITED,2820,1032,1151,5003,1410,5,250,2816,2187,0.099940036,4.997001799,28.18309015,4,2023,32
31/12/2023,STAR DISCOVER INSURANCE LIMITED,9684,43353,34,53071,39736,1347,,,,2.538109325,,74.87328296,4,2023,33
31/12/2023,STAR DISCOVER INSURANCE LIMITED,167,25045,,,24689,431,,,,,,,4,2023,33
31/12/2023,TAKAFUL INSURANCE OF AFRICA LIMITED,616,296,40,952,74,6,15,135,817,0.630252101,1.575630252,7.773109244,4,2023,34
31/12/2023,TAUSI ASSURANCE COMPANY LIMITED,1166,682,210,2058,497,,148,,,,7.191448008,24.14965986,4,2023,35
31/12/2023,THE KENYAN ALLIANCE INSURANCE COMPANY LIMITED,35458,36828,,,32860,1190,,,,,,,4,2023,37
31/12/2023,THE MONARCH INSURANCE COMPANY LIMITED,5280,203,101,5584,71,3,74,249,5335,0.053724928,1.3252149,1.271489971,4,2023,38
31/12/2023,TRIDENT INSURANCE COMPANY LIMITED,,,,,,,,,,,,,4,2023,39
31/12/2023,XPLICO INSURANCE COMPANY LIMITED,,,,,,,,,,,,,4,2023,40
31/12/2023,XPLICO INSURANCE COMPANY LIMITED,2868,64,0,2932,0,67,0,67,2865,2.285129604,0,0,4,2023,40
31/03/2024,AAR INSURANCE COMPANY LIMITED,99869,165729,,,90593,157,2805,,,,,,1,2024,0
31/03/2024,AFRICAN MERCHANT ASSURANCE COMPANY LIMITED,1692,318,149,2159,579,,,,,,,26.81797128,1,2024,1
31/03/2024,AIG KENYA INSURANCE COMPANY LIMITED,1775,888,-99,2564,1014,4,48,967,1597,0.15600624,1.872074883,39.5475819,1,2024,2
31/03/2024,APA INSURANCE COMPANY LIMITED,3647,3337,4170,11154,3068,,,,,,,27.50582751,1,2024,4
31/03/2024,BRITAM GENERAL INSURANCE COMPANY (K) LTD,255922,157521,,,89432,,,,,,,,1,2024,5
31/03/2024,CANNON GENERALINSURANCE COMPANY LIMITED,909,793,1236,2938,687,8,74,2005,933,0.272294078,2.518720218,23.38325391,1,2024,6
31/03/2024,CIC GENERAL INSURANCE LIMITED,3203,2599,915,6717,2450,,,,,,,36.47461664,1,2024,7
31/03/2024,CORPORATE INSURANCE COMPANY LIMITED,2436,109,,,36,,5,,,,,,1,2024,8
31/03/2024,DIRECTLINE ASSURANCE COMPANY LIMITED,1281,508,,,777,,,,,,,,1,2024,9
31/03/2024,FIDELITY SHIELD INSURANCE COMPANY LIMITED,4165,1532,1179,6876,1326,13,52,2570,4306,0.189063409,0.756253636,19.28446771,1,2024,10
31/03/2024,FIRST ASSURANCE COMPANY LIMITED,34352,43616,2667,80635,42291,444,54,45456,35179,0.550629379,0.066968438,52.44744838,1,2024,11
31/03/2024,GA INSURANCE LIMITED,3300,3551,596,7447,3301,71,3,3971,3476,0.953404055,0.040284678,44.32657446,1,2024,12
31/03/2024,GEMINIA INSURANCE COMPANY LIMITED,1704,1919,2825,6448,1041,,126,,,,1.954094293,16.14454094,1,2024,13
31/03/2024,THE HERITAGE INSURANCE COMPANY LIMITED,8359,42780,1485,52624,44502,32,51,46070,6554,0.060808756,0.096913956,84.5659775,1,2024,36
31/03/2024,ICEA LION GENERAL INSURANCE COMPANY LIMITED,7537,3763,2126,13426,3787,13,17,5943,7483,0.096827052,0.126619991,28.20646507,1,2024,15
31/03/2024,INTRA AFRICA ASSURANCE COMPANY LIMITED,963,1673,937,3573,1574,,,,,,,44.05261685,1,2024,16
31/03/2024,INVESCO ASSURANCE COMPANY LIMITED,1266,175,699,2140,69,,,,,,,3.224299065,1,2024,17
31/03/2024,JUBILEE ALLIANZ GENERAL INSURANCE LIMITED,2996,1595,,,1333,,272,,,,,,1,2024,18
31/03/2024,JUBILEE HEALTH INSURANCE LIMITED,655660,1792863,,,1774086,,,,,,,,1,2024,20
31/03/2024,KENINDIA ASSURANCE COMPANY LIMITED,3545,2252,132,5929,2124,,47,,,,0.79271378,35.82391634,1,2024,21
31/03/2024,KENYA ORIENT INSURANCE LIMITED,8427,815,912,10154,904,35,37,1888,8266,0.344691747,0.364388418,8.902895411,1,2024,22
31/03/2024,MADISON GENERAL INSURANCE KENYA LIMITED,23865,101508,3139,128512,64878,,,,,,,50.48400149,1,2024,23
31/03/2024,MAYFAIR INSURANCE COMPANY LIMITED,1110,424,,,413,5,6,,,,,,1,2024,24
31/03/2024,MUA INSURANCE(KENYA) LIMITED,10045,17814,322,28181,14301,2832,1391,18846,9335,10.04932401,4.935949753,50.74695717,1,2024,25
31/03/2024,OCCIDENTAL INSURANCE COMPANY LIMITED,3404,1410,,,1329,,9,,,,,,1,2024,26
31/03/2024,OLD MUTUAL GENERAL INSURANCE KENYA LIMITED,1753,1234,1044,4031,371,26,763,2204,1827,0.64500124,18.92830563,9.203671546,1,2024,27
31/03/2024,PACIS INSURANCE COMPANY LIMITED,9135,19701,784,29620,18808,4057,13,23662,5958,13.69682647,0.043889264,63.49763673,1,2024,28
31/03/2024,PIONEER GENERAL INSURANCE LIMITED,862,1052,1872,3786,931,14,,,,0.369783413,,24.59059694,1,2024,30
31/03/2024,SANLAM GENERAL INSURANCE COMPANY LIMITED,2590,817,806,4213,901,4,26,1737,2476,0.09494422,0.617137432,21.38618562,1,2024,32
31/03/2024,STAR DISCOVER INSURANCE LIMITED,11955,37047,12,49014,38919,3272,,,,6.675643694,,79.4038438,1,2024,33
31/03/2024,STAR DISCOVER INSURANCE LIMITED,92,891,,,694,183,,,,,,,1,2024,33
31/03/2024,TAKAFUL INSURANCE OF AFRICA LIMITED,817,327,335,1479,99,17,23,474,1005,1.149425287,1.555104801,6.693711968,1,2024,34
31/03/2024,TAUSI ASSURANCE COMPANY LIMITED,1203,582,159,1944,445,,77,,,,3.96090535,22.8909465,1,2024,35
31/03/2024,THE KENYAN ALLIANCE INSURANCE COMPANY LIMITED,38236,38359,,,30240,1528,,,,,,,1,2024,37
31/03/2024,THE MONARCH INSURANCE COMPANY LIMITED,5335,1008,315,6658,176,,42,,,,0.630820066,2.643436467,1,2024,38
31/03/2024,TRIDENT INSURANCE COMPANY LIMITED,,,,,,,,,,,,,1,2024,39
